819615900424929281,photo,https://twitter.com/BoliSudado/status/819615900424929281/video/1
837441216090361856,photo,https://twitter.com/kledyzarimuya/status/837441216090361856/photo/1
773673776387133442,photo,https://twitter.com/PabloXBurneo/status/773673776387133442/photo/1
761802644369399808,photo,https://twitter.com/williamvillacis/status/761802644369399808/photo/1
814833156843012096,photo,https://twitter.com/lupersara/status/814833156843012096/photo/1
775156566425276417,photo,https://twitter.com/Larry_IsReal15/status/775156566425276417/photo/1
842356920153436160,photo,https://twitter.com/jpachecoe/status/842356920153436160/photo/1
830220707204308993,photo,https://twitter.com/edwinram_pro/status/830220707204308993/photo/1
823618167780081664,photo,https://twitter.com/ValeriaVnhm/status/823618167780081664/photo/1
842240587197755392,photo,https://twitter.com/josmellq/status/842240587197755392/photo/1
844373029308305408,photo,https://twitter.com/romario1957/status/844373029308305408/photo/1
812144578551808000,photo,https://twitter.com/deseosescorts/status/812144578551808000/photo/1
827701648692744192,photo,https://twitter.com/AntonioUbilla1/status/827701648692744192/photo/1
818799779069227009,photo,https://twitter.com/Queen_LDU/status/818799779069227009/photo/1
834799142840963072,photo,https://twitter.com/AzuayCJ/status/834799142840963072/photo/1
762163073557917697,photo,http://twitter.com/jennyflowsit/status/762163073557917697/photo/1
824288144644251649,photo,https://twitter.com/noticias_tvperu/status/824288144644251649/photo/1
827304240892739584,photo,https://twitter.com/NicolePorcezaga/status/827304240892739584/photo/1
837108224708886528,photo,https://twitter.com/trendinaliaEC/status/837108224708886528/photo/1
763138848440324097,photo,http://twitter.com/PPdigitalec/status/763138848440324097/photo/1
822528152320622592,photo,https://twitter.com/feaguadovasquez/status/822528152320622592/photo/1
765225716220829697,photo,https://twitter.com/Agencia_Andina/status/765225716220829697/photo/1
826411457730473984,photo,https://twitter.com/Agencia_Andina/status/826411457730473984/photo/1
818788974579818498,photo,https://twitter.com/RonaldVillota/status/818788974579818498/photo/1
882960428099407872,photo,https://twitter.com/WanderWorx/status/882960428099407872/photo/1
833722614942142469,photo,https://twitter.com/Ylba_14/status/833722614942142469/photo/1
766920023663271936,photo,https://twitter.com/ariifcb10/status/766920023663271936/photo/1
846780945575432192,photo,https://twitter.com/Chechi_quevedo/status/846780945575432192/photo/1
831833558528450560,photo,https://twitter.com/perruflo/status/831833558528450560/photo/1
837126325127299072,photo,https://twitter.com/navarreterueda/status/837126325127299072/video/1
814939779527806976,photo,https://twitter.com/MULTICASA_INMO/status/814939779527806976/photo/1
776541380697059328,photo,https://twitter.com/BolivarCJ/status/776541380697059328/photo/1
834258623744397314,photo,https://twitter.com/gabrielachn27/status/834258623744397314/photo/1
816660153177088004,photo,https://twitter.com/Fafo_Gavilanez/status/816660153177088004/photo/1
769568438838763520,photo,https://twitter.com/DiegoPinosA/status/769568438838763520/photo/1
821746049194848256,photo,https://twitter.com/jossep028/status/821746049194848256/photo/1
821847389170495488,photo,https://twitter.com/Gal_04/status/821847389170495488/photo/1
766153293328441344,photo,http://twitter.com/SEXOLUJURIOSO/status/766153293328441344/photo/1
835706405982199809,photo,https://twitter.com/LishaArambulo/status/835706405982199809/photo/1
821223503798083584,photo,https://twitter.com/EricEfrainEspin/status/821223503798083584/photo/1
884632365649231872,photo,https://twitter.com/intensa_luna/status/884576731448954880/photo/1
777969706795958272,photo,https://twitter.com/ana_koppel/status/777969706795958272/photo/1
833744451898064896,photo,https://twitter.com/MateoulloaS/status/833744451898064896/photo/1
763132093425651714,photo,http://twitter.com/BonaterraLima/status/763132093425651714/photo/1
829414589213376520,photo,https://twitter.com/drojas07/status/829414589213376520/photo/1
768185128443056128,photo,https://twitter.com/MAEManabi/status/768185128443056128/photo/1
813627286536802305,photo,https://twitter.com/jair_virgo/status/813627286536802305/video/1
842757549405429762,photo,https://twitter.com/mariacsegovia/status/842757549405429762/photo/1
829189008639016960,photo,https://twitter.com/BrithannySalasB/status/829189008639016960/photo/1
827529965679833089,photo,https://twitter.com/alejaguilar13/status/827529965679833089/photo/1
770347533386280960,photo,https://twitter.com/LuiggiBross/status/770347533386280960/photo/1
815970806673108992,photo,https://twitter.com/billboard/status/815965886947299329/video/1
817909540385673216,photo,https://twitter.com/Larry_IsReal15/status/817909540385673216/photo/1
827379838545588226,photo,https://twitter.com/GinaYCR/status/827379838545588226/photo/1
829937715407896576,photo,https://twitter.com/bryantbillionth/status/829937715407896576/photo/1
768559432305373186,photo,https://twitter.com/Arcsa_Ec/status/768559432305373186/photo/1
827706395646640128,photo,https://twitter.com/LuisaOlivera30/status/827706395646640128/photo/1
817826135480369152,photo,https://twitter.com/china_cinthia/status/817826135480369152/photo/1
830048049288380416,photo,https://twitter.com/noralmazambrano/status/830048049288380416/photo/1
827005299911512064,photo,https://twitter.com/decattan/status/827005299911512064/photo/1
845022880861585409,photo,https://twitter.com/trendinaliaEC/status/845022880861585409/photo/1
841437953025019904,photo,https://twitter.com/paolivpg/status/841437953025019904/photo/1
766287423252946944,photo,http://twitter.com/gisseda/status/766287423252946944/photo/1
817385347986452480,photo,https://twitter.com/EmilyFeijoo/status/817385347986452480/photo/1
767889283634040832,photo,https://twitter.com/yor_xoko/status/767889283634040832/photo/1
843948039605829632,photo,https://twitter.com/KarithoPDH/status/843948039605829632/photo/1
841495983179649024,photo,https://twitter.com/waynebohorquez/status/841495983179649024/photo/1
834569123510239232,photo,https://twitter.com/kawaidesa/status/834569123510239232/photo/1
816771657020964868,photo,https://twitter.com/mi_rinkon/status/816771657020964868/photo/1
820273634665185282,photo,https://twitter.com/malorena_s/status/820273634665185282/photo/1
832731403162750976,photo,https://twitter.com/YEISON14950606/status/832731403162750976/photo/1
841138181055606784,photo,https://twitter.com/camilajoeliz/status/841138181055606784/photo/1
846821947254226946,photo,https://twitter.com/RamonNavarroC/status/846821947254226946/photo/1
833777679342120960,photo,https://twitter.com/valengangotena/status/833777679342120960/video/1
765402503999549440,photo,http://twitter.com/Fabiola2177/status/765402503999549440/photo/1
830191259553845252,photo,https://twitter.com/gg_moran/status/830191259553845252/photo/1
840590949529071617,photo,https://twitter.com/aguirrealex/status/840590949529071617/photo/1
766666653794988032,photo,https://twitter.com/lucianapincay/status/766666653794988032/photo/1
816854889024417792,photo,https://twitter.com/HerdarRamos/status/816854889024417792/photo/1
761586760925216768,photo,http://twitter.com/ctp_per/status/761586760925216768/photo/1
828168536950448128,photo,https://twitter.com/camilasantos4_/status/828168536950448128/photo/1
825165007247831045,photo,https://twitter.com/caritoglucerina/status/825165007247831045/photo/1
774098533993414657,photo,https://twitter.com/Dr_Otorongo/status/774098533993414657/photo/1
764941653912223744,photo,http://twitter.com/dazzlinglali/status/764941653912223744/photo/1
831304887694716928,photo,https://twitter.com/JoycerebecaDY/status/831304887694716928/photo/1
882271822808526848,photo,https://twitter.com/noticias_tvperu/status/882271822808526848/photo/1
836417635969544193,photo,https://twitter.com/KerlyBriggit/status/836417635969544193/video/1
840358489243414529,photo,https://twitter.com/magositayesgo/status/840358489243414529/photo/1
767555790685237248,photo,https://twitter.com/Rio2016/status/767553095169634305/photo/1
830041130255470592,photo,https://twitter.com/lovingmykookie/status/830041130255470592/photo/1
840002774863601664,photo,https://twitter.com/Fabiola2177/status/840002774863601664/photo/1
842056450025357312,photo,https://twitter.com/AlexandrFujoshi/status/842056450025357312/photo/1
767851456758243328,photo,https://twitter.com/Danpengui/status/767851456758243328/photo/1
847088675385229317,photo,https://twitter.com/sebas_ldu1996/status/847088675385229317/photo/1
829539178471886849,photo,https://twitter.com/FERNAND70891732/status/829539178471886849/photo/1
812863190358982656,photo,https://twitter.com/andreapflaka/status/812863190358982656/photo/1
761605448126595072,photo,http://twitter.com/DeporVito/status/761605448126595072/photo/1
838482600796819456,photo,https://twitter.com/DupaingftMouque/status/838482600796819456/photo/1
767005865299685376,photo,https://twitter.com/Dussan16_CSE/status/767005865299685376/photo/1
821140325196529668,photo,https://twitter.com/JuanesPapeeh/status/821140325196529668/photo/1
817127052860014592,photo,https://twitter.com/doblaswild/status/817127052860014592/photo/1
774954183086731268,photo,https://twitter.com/DeporVito/status/774954183086731268/photo/1
845136874926592000,photo,https://twitter.com/kristel651/status/845136874926592000/photo/1
819884411273486336,photo,https://twitter.com/ECUAGOL/status/819884411273486336/photo/1
812077351618183169,photo,https://twitter.com/Jb1Dayana/status/812077351618183169/photo/1
762521073615249408,photo,http://twitter.com/JoseFMoCa/status/762521073615249408/photo/1
842448126933925888,photo,https://twitter.com/Autobrit10/status/842448126933925888/video/1
839604604472033287,photo,https://twitter.com/NakamuraHogar/status/839604604472033287/photo/1
776532292554596352,photo,https://twitter.com/ALEIMNAD/status/776532292554596352/photo/1
775778659500224512,photo,https://twitter.com/deporpe/status/775778659500224512/photo/1
839188921619734528,photo,https://twitter.com/TrendsGuayaquil/status/839188921619734528/photo/1
828786247841767425,photo,https://twitter.com/dorisversionlun/status/828786247841767425/photo/1
824347293549809667,photo,https://twitter.com/TrendsEcuador/status/824347293549809667/photo/1
770506441207734272,photo,https://twitter.com/__MVCP/status/770506441207734272/photo/1
764901248575340544,photo,http://twitter.com/Mishellegc/status/764901248575340544/photo/1
842751038352474113,photo,https://twitter.com/GadChone/status/842751038352474113/photo/1
761646620605878272,photo,http://twitter.com/complicefm/status/761646620605878272/photo/1
763170514663866368,photo,http://twitter.com/ECUAGOL/status/763170514663866368/photo/1
763578881634889728,photo,http://twitter.com/jazminaKENNYL/status/763578881634889728/photo/1
766070594643324928,photo,https://twitter.com/CamFrancoEcuato/status/766070594643324928/photo/1
832807378911318017,photo,https://twitter.com/jennyflowsit/status/832807378911318017/photo/1
821140517807341570,photo,https://twitter.com/PablitoRam99/status/821140517807341570/photo/1
762116916668428288,photo,http://twitter.com/karenmontalvans/status/762116916668428288/photo/1
821942181388808192,photo,https://twitter.com/360GradosEc/status/821942181388808192/photo/1
812715351557410816,photo,https://twitter.com/Agencia_Andina/status/812715351557410816/photo/1
829673866976956417,photo,https://twitter.com/shoiarec/status/829673866976956417/photo/1
823712218231558145,photo,https://twitter.com/CastigoDivinoEC/status/823712218231558145/photo/1
841452311763382274,photo,https://twitter.com/OkeiPerra/status/841452311763382274/photo/1
844227601564663808,photo,https://twitter.com/YorliStejada/status/844227601564663808/photo/1
825142951114321923,photo,https://twitter.com/cafeviajarvivir/status/825142951114321923/photo/1
818126336929779712,photo,https://twitter.com/TrendsGuayaquil/status/818126336929779712/photo/1
834073745018994688,photo,https://twitter.com/CanalRTU/status/834073745018994688/photo/1
846497593681235968,photo,https://twitter.com/Jhagger5/status/846497593681235968/photo/1
884226978055942150,photo,https://twitter.com/Agencia_Andina/status/884226978055942150/photo/1
842207039485026306,photo,https://twitter.com/AlejoBravo16/status/842207039485026306/photo/1
835239502117502980,photo,https://twitter.com/DPars1/status/835239502117502980/photo/1
882470527721496576,photo,https://twitter.com/rafitaloza10/status/882470527721496576/photo/1
825088889496989701,photo,https://twitter.com/domenicaanahy/status/825088889496989701/photo/1
826594829329108993,photo,https://twitter.com/Mgardini/status/826594829329108993/video/1
833399621279969281,photo,https://twitter.com/fernand0jpg/status/833399621279969281/photo/1
772989390238998528,photo,https://twitter.com/mi_rinkon/status/772989390238998528/photo/1
817360498823929856,photo,https://twitter.com/MariafernandaqM/status/817360498823929856/photo/1
821193870402879488,photo,https://twitter.com/pablouquillas/status/821193870402879488/video/1
837680882987184128,photo,https://twitter.com/AlexalunaJ/status/837680882987184128/photo/1
817118289902051329,photo,https://twitter.com/selenarequelme/status/817118289902051329/photo/1
830070063646515200,photo,https://twitter.com/MaruAstrologia/status/830070063646515200/photo/1
766819729403105285,photo,https://twitter.com/Larry_IsReal15/status/766819729403105285/photo/1
816468046210629632,photo,https://twitter.com/freestarorq/status/816468046210629632/photo/1
821397275851313153,photo,https://twitter.com/ECUAGOL/status/821397275851313153/photo/1
837124352705462272,photo,https://twitter.com/2fMarcia/status/837124352705462272/video/1
847332920079425537,photo,https://twitter.com/JNickolas3/status/847332920079425537/photo/1
761652527305719808,photo,http://twitter.com/EstrategicosEc/status/761652527305719808/photo/1
768238259013124096,photo,https://twitter.com/bieber_bizzel69/status/768238259013124096/photo/1
839123852768727040,photo,https://twitter.com/PoliciaEcuador/status/839123852768727040/photo/1
828673854738460673,photo,https://twitter.com/Enerwicorp/status/828673854738460673/photo/1
773994335935266816,photo,https://twitter.com/kimiko8/status/773994335935266816/photo/1
831736481928593408,photo,https://twitter.com/solrojasq/status/831736481928593408/photo/1
843223483316404226,photo,https://twitter.com/ElizabethMM13/status/843223483316404226/photo/1
813519802513915904,photo,https://twitter.com/Larry_IsReal15/status/813519802513915904/photo/1
838022704045436929,photo,https://twitter.com/Agencia_Andina/status/838022704045436929/photo/1
843927146804514816,photo,https://twitter.com/ECUAGOL/status/843927146804514816/photo/1
835949200168865792,photo,https://twitter.com/elnorteadiario/status/835949200168865792/photo/1
830421148236148741,photo,https://twitter.com/geovannyfloresg/status/830421148236148741/photo/1
816319989527367681,photo,https://twitter.com/trendinaliaEC/status/816319989527367681/photo/1
835877518716583936,photo,https://twitter.com/Agencia_Andina/status/835877518716583936/photo/1
846839117812027397,photo,https://twitter.com/cnegobec/status/846839117812027397/video/1
764500427345977349,photo,http://twitter.com/DiegoPinosA/status/764500427345977349/photo/1
833564283447365632,photo,https://twitter.com/gabobedon/status/833564283447365632/video/1
765394005114941440,photo,http://twitter.com/andreacarrielm/status/765394005114941440/photo/1
839879345426599937,photo,https://twitter.com/ourgreyedges/status/802996773308551168/photo/1
823243694446903297,photo,https://twitter.com/Riesgos_Ec/status/823243694446903297/photo/1
777874941291143169,photo,https://twitter.com/GADManabi/status/777874941291143169/photo/1
844658360565841922,photo,https://twitter.com/Agencia_Andina/status/844658360565841922/photo/1
767869005365383170,photo,https://twitter.com/Mari__5sos/status/767869005365383170/photo/1
766319124364529664,photo,http://twitter.com/CNT_EC/status/766319124364529664/photo/1
829100800811077632,photo,https://twitter.com/isi_sacam/status/829100800811077632/photo/1
767164961156202497,photo,https://twitter.com/Joan_SuRa/status/767164961156202497/photo/1
828356194305716224,photo,https://twitter.com/leninfer1982/status/828356194305716224/photo/1
846388701395595264,photo,https://twitter.com/EducacionZ6_Ec/status/846388701395595264/photo/1
836612007457665024,photo,https://twitter.com/COBRA645/status/836612007457665024/photo/1
837371878616481796,photo,https://twitter.com/Agencia_Andina/status/837371878616481796/photo/1
819656527137083392,photo,https://twitter.com/mjbymagualban/status/819656527137083392/photo/1
843320361739608064,photo,https://twitter.com/gad131981/status/843320361739608064/photo/1
826869490436734977,photo,https://twitter.com/gene_cncowner/status/826869490436734977/photo/1
767741207736877057,photo,https://twitter.com/SpanishSchools1/status/767741207736877057/photo/1
832582695217664006,photo,https://twitter.com/JavierCastro37/status/832582695217664006/photo/1
883273563268100096,photo,https://twitter.com/azucenita/status/883273563268100096/photo/1
770475105990434817,photo,https://twitter.com/DomenicaGarcia4/status/770475105990434817/photo/1
847087769541361664,photo,https://twitter.com/ECU911NuevaLoja/status/847087769541361664/photo/1
767910278705143808,photo,https://twitter.com/eric_benalcazar/status/767910278705143808/photo/1
773906074680209409,photo,https://twitter.com/nutriyachay/status/773906074680209409/photo/1
840593736400809984,photo,https://twitter.com/Justicia_Ec/status/840593736400809984/photo/1
811907686891655168,photo,https://twitter.com/AVAstudillo/status/811907686891655168/photo/1
769659377318068224,photo,https://twitter.com/guimanca/status/769659377318068224/photo/1
828424659515404289,photo,https://twitter.com/xXLarryAlwaysXx/status/828424659515404289/photo/1
884958706617782272,photo,https://twitter.com/UTPLCosta/status/884958706617782272/photo/1
774275664480464896,photo,https://twitter.com/Diabluma666/status/774275664480464896/photo/1
817712528008560640,photo,https://twitter.com/AntonioBravoC1/status/817712528008560640/photo/1
840332766315204608,photo,https://twitter.com/ItaloCobos/status/840332766315204608/photo/1
832360269783371776,photo,https://twitter.com/cocktailrevista/status/832360269783371776/photo/1
820064245140357121,photo,https://twitter.com/Joseluisquino18/status/820064245140357121/photo/1
838930921285959682,photo,https://twitter.com/TrendsGuayaquil/status/838930921285959682/photo/1
776166470464208896,photo,https://twitter.com/cdsb10/status/776166470464208896/photo/1
844677183096475653,photo,https://twitter.com/alianzaficoa/status/844677183096475653/photo/1
761909451523784704,photo,http://twitter.com/natty_velasco/status/761909451523784704/video/1
774794048519503873,photo,https://twitter.com/ORLPride/status/774778183010975744/photo/1
774337834710806532,photo,https://twitter.com/Marcos_Bonifaz/status/774337834710806532/photo/1
839152903633829889,photo,https://twitter.com/trendinaliaEC/status/839152903633829889/photo/1
839190642823675906,photo,https://twitter.com/freirefede/status/839190642823675906/photo/1
839833238126350336,photo,https://twitter.com/RecuerdosPeru/status/839833238126350336/photo/1
839920351492591616,photo,https://twitter.com/Agencia_Andina/status/839920351492591616/photo/1
840171928216358912,photo,https://twitter.com/pipi_chiquito/status/840171928216358912/photo/1
840315431286120450,photo,https://twitter.com/MuseoBSC/status/840315431286120450/photo/1
840982621505146881,photo,https://twitter.com/geovannavaca/status/840982621505146881/photo/1
841147490736979968,photo,https://twitter.com/PanoramaPTV/status/841147490736979968/photo/1
841491337803362304,photo,https://twitter.com/LZerOTe/status/841491337803362304/photo/1
842203009039781889,photo,https://twitter.com/trendinaliaEC/status/842203009039781889/photo/1
843272739129638912,photo,https://twitter.com/exitosape/status/843272739129638912/photo/1
843278170300301313,photo,https://twitter.com/kawaidesa/status/843278170300301313/photo/1
843534544137535490,photo,https://twitter.com/PauletteCMR/status/843534544137535490/photo/1
843614597869461505,photo,https://twitter.com/TheSantinoBoy/status/843614597869461505/photo/1
824036792064208896,photo,https://twitter.com/CrudoEcuador/status/824036792064208896/video/1
843196865206280194,photo,https://twitter.com/Mudanzas_Chico/status/843196865206280194/photo/1
844120146889256960,photo,https://twitter.com/Arroba_Radio/status/844120146889256960/photo/1
843843070672146432,photo,https://twitter.com/LarryGonzalezF/status/843843070672146432/photo/1
844237616148955137,photo,https://twitter.com/trendinaliaEC/status/844237616148955137/photo/1
844271313690812416,photo,https://twitter.com/CesarCand/status/844271313690812416/video/1
819968289153708032,photo,https://twitter.com/RicardoMoran/status/819968289153708032/photo/1
844340562232823808,photo,https://twitter.com/cedatos/status/844340562232823808/photo/1
845026539758665729,photo,https://twitter.com/El_Profe33/status/845026539758665729/photo/1
760162145657126913,photo,https://twitter.com/CNEL_EP/status/760162145657126913/photo/1
761215302067691521,photo,https://twitter.com/TRICICLODELPERU/status/761215302067691521/photo/1
761289769095684097,photo,https://twitter.com/KYabar/status/761289769095684097/photo/1
761312027864207360,photo,https://twitter.com/venevision/status/761312027864207360/photo/1
761072626676531201,photo,https://twitter.com/yamileespinozaf/status/761072626676531201/photo/1
761329304974143488,photo,https://twitter.com/yuyacst/status/761329304974143488/photo/1
761337675358019585,photo,https://twitter.com/CapitalOfficial/status/761337675358019585/video/1
760668848890732544,photo,https://twitter.com/DanielUrresti1/status/760668848890732544/photo/1
761396581002252289,photo,https://twitter.com/MaJo_pe_/status/761396581002252289/photo/1
761632922764009473,photo,https://twitter.com/LuisMongeE/status/761632922764009473/photo/1
762084852397113344,photo,https://twitter.com/mangelftparce/status/762084852397113344/photo/1
762322421022154752,photo,https://twitter.com/Sinclair1182/status/762322421022154752/photo/1
758755889557884929,photo,https://twitter.com/TayraMishell/status/758755889557884929/photo/1
762140905121968129,photo,https://twitter.com/faustortizd/status/762140905121968129/photo/1
763174066777886720,photo,https://twitter.com/gabita/status/763174066777886720/photo/1
763450665087733760,photo,https://twitter.com/JoselynSalgado5/status/763450665087733760/photo/1
763461152592498688,photo,https://twitter.com/tribunaoesteBSC/status/763461152592498688/photo/1
763516566830977024,photo,https://twitter.com/EcuavisaInforma/status/763516566830977024/photo/1
763055860809658368,photo,https://twitter.com/pedrovarat/status/763055860809658368/video/1
763547579963600896,photo,https://twitter.com/RAMONBRAVOUC/status/763547579963600896/photo/1
763561741380882432,photo,https://twitter.com/RicardoCabzas/status/763561741380882432/video/1
764109115534741504,photo,https://twitter.com/EcuavisaInforma/status/764109115534741504/photo/1
764218690770534401,photo,https://twitter.com/larepublica_pe/status/764218690770534401/photo/1
764325164137996288,photo,https://twitter.com/pruperu/status/764325164137996288/photo/1
764478468633534465,photo,https://twitter.com/naomi1755/status/764478468633534465/photo/1
764483821005922304,photo,https://twitter.com/OutputVar/status/764483821005922304/photo/1
764493162371055616,photo,https://twitter.com/ppkamigo/status/764493162371055616/photo/1
764559230426812417,photo,https://twitter.com/AlinaMoine/status/764559230426812417/video/1
765197950289059840,photo,https://twitter.com/posso_sports/status/765197950289059840/photo/1
765148313268154368,photo,https://twitter.com/srta_panqui/status/765148313268154368/photo/1
765346551329939461,photo,https://twitter.com/Combate_ATV/status/765346551329939461/photo/1
765920994699554817,photo,https://twitter.com/3ChubbyB/status/765920994699554817/photo/1
766112598572036096,photo,https://twitter.com/badpons/status/766112598572036096/photo/1
766399651041927168,photo,https://twitter.com/DavidClinchNews/status/766399651041927168/photo/1
766402725731004416,photo,https://twitter.com/LeeonorV/status/766402725731004416/photo/1
685474778141081601,photo,https://twitter.com/AriellaFanClub/status/685474778141081601/photo/1
767836448208752640,photo,https://twitter.com/PolarSine/status/767836448208752640/photo/1
767824736604659712,photo,https://twitter.com/LanaParrilla/status/767824736604659712/photo/1
767898378915213316,photo,https://twitter.com/andreailb/status/767898378915213316/photo/1
768120765606572032,photo,https://twitter.com/VivaAerobus/status/768120765606572032/photo/1
769043066791559168,photo,https://twitter.com/MurderBryan/status/769043066791559168/photo/1
769312448713256960,photo,https://twitter.com/canalN_/status/769312448713256960/photo/1
769163691275067392,photo,https://twitter.com/BishalKarky/status/769163691275067392/photo/1
769545241003196416,photo,https://twitter.com/guillermex/status/769545241003196416/photo/1
769376872731910144,photo,https://twitter.com/brandymstanford/status/769376872731910144/photo/1
765686520946778112,photo,https://twitter.com/NathyLovesMahe/status/765686520946778112/photo/1
769919877419261952,photo,https://twitter.com/JohannVera1/status/769919877419261952/video/1
769954390006456320,photo,https://twitter.com/MaJosefaCoronel/status/769954390006456320/photo/1
770145476490387456,photo,https://twitter.com/britneyspears/status/770145476490387456/photo/1
770352224136466432,photo,https://twitter.com/canalN_/status/770352224136466432/video/1
772856704933457920,photo,https://twitter.com/AleGomezFabio/status/772856704933457920/photo/1
773190102965256193,photo,https://twitter.com/aei_ec/status/773190102965256193/photo/1
771444791225749504,photo,https://twitter.com/jairo8796/status/771444791225749504/photo/1
773610014527414274,photo,https://twitter.com/BuenVivir_EC/status/773610014527414274/video/1
773660652544126976,photo,https://twitter.com/Dinocov/status/773660652544126976/photo/1
773899820402606080,photo,https://twitter.com/FMirandaLara/status/773899820402606080/photo/1
773977601580863488,photo,https://twitter.com/Capital967/status/773977601580863488/photo/1
774004058638036992,photo,https://twitter.com/Politica_ECpe/status/774004058638036992/photo/1
774288088604381184,photo,https://twitter.com/deslengua_2/status/774288088604381184/photo/1
774534090120888320,photo,https://twitter.com/LericaMusic/status/774534090120888320/video/1
774706860846833664,photo,https://twitter.com/InvictosSomos/status/774706860846833664/photo/1
774781232899039232,photo,https://twitter.com/DiegoArcos14/status/774781232899039232/photo/1
775046810255626241,photo,https://twitter.com/AXEA65/status/775046810255626241/photo/1
775313557760118784,photo,https://twitter.com/hurgamemoriaPE/status/775313557760118784/photo/1
775411239900082176,photo,https://twitter.com/AbrahamMateoMus/status/775411239900082176/photo/1
775374637513502720,photo,https://twitter.com/Politica_ECpe/status/775374637513502720/photo/1
775246339688976384,photo,https://twitter.com/Glarysoft/status/775246339688976384/photo/1
775505972135690243,photo,https://twitter.com/nsbr21/status/775505972135690243/photo/1
775757917404401664,photo,https://twitter.com/mateo_freile85/status/775757917404401664/photo/1
776064591042347008,photo,https://twitter.com/Merrypops1/status/776064591042347008/photo/1
776259001709305856,photo,https://twitter.com/VilelaMaricielo/status/776259001709305856/photo/1
776477952934547456,photo,https://twitter.com/tribunaoesteBSC/status/776477952934547456/photo/1
776496645987000320,photo,https://twitter.com/mssalinger/status/776496645987000320/photo/1
776506716166815744,photo,https://twitter.com/Peru_Noticias/status/776506716166815744/photo/1
776549494880145408,photo,https://twitter.com/tarekbahaa1/status/776549494880145408/photo/1
734892154955370497,photo,https://twitter.com/carol_AM13/status/734892154955370497/photo/1
776234874315288577,photo,https://twitter.com/KpitanVrgarfio/status/776234874315288577/photo/1
776889055581642752,photo,https://twitter.com/meekakitty/status/776889055581642752/photo/1
776942555929964545,photo,https://twitter.com/roxytazul/status/776942555929964545/photo/1
777298466162827264,photo,https://twitter.com/RoJeSaMa/status/777294135845847040/video/1
777281286931120128,photo,https://twitter.com/Alfresarpo/status/777281286931120128/photo/1
776518189253550080,photo,https://twitter.com/JorgeGlas/status/776518189253550080/photo/1
777540688682577921,photo,https://twitter.com/naomi1755/status/777540688682577921/photo/1
777920035234934784,photo,https://twitter.com/zhingre_/status/777918085084872704/photo/1
777959370621612032,photo,https://twitter.com/willaxtv/status/777959370621612032/photo/1
811283057965756416,photo,https://twitter.com/FerV_Manzanota/status/811283057965756416/photo/1
811387325330681856,photo,https://twitter.com/PaulGrra/status/811387325330681856/photo/1
811959892269408256,photo,https://twitter.com/trendinaliaEC/status/811959892269408256/photo/1
812132608096268288,photo,https://twitter.com/LetraLive/status/812132608096268288/photo/1
811982490210627584,photo,https://twitter.com/MunicipioCuenca/status/811982490210627584/photo/1
812350318898016256,photo,https://twitter.com/FranklinNuques/status/812350318898016256/photo/1
813200478188302336,photo,https://twitter.com/estebanavila/status/813200478188302336/photo/1
813371933291114498,photo,https://twitter.com/Capital967/status/813371933291114498/photo/1
813518929868034048,photo,https://twitter.com/RPPNoticias/status/813518929868034048/photo/1
812485702718017536,photo,https://twitter.com/EcuadorNow/status/812485702718017536/photo/1
813865045583011841,photo,https://twitter.com/trendinaliaEC/status/813865045583011841/photo/1
814527240444776448,photo,https://twitter.com/izurietavarea/status/814527240444776448/photo/1
814720193981136896,photo,https://twitter.com/Politico_pe/status/814720193981136896/photo/1
814607347972796416,photo,https://twitter.com/Grettubela/status/814607347972796416/photo/1
814987345178955776,photo,https://twitter.com/trendinaliaEC/status/814987345178955776/photo/1
815080296257388544,photo,https://twitter.com/srealpe/status/815080296257388544/photo/1
815009499685748736,photo,https://twitter.com/evawut/status/815009499685748736/photo/1
815438566058823680,photo,https://twitter.com/JensenAckles/status/815438566058823680/photo/1
816018069260824577,photo,https://twitter.com/Bellezas_Latin/status/816018069260824577/photo/1
814215143131381761,photo,https://twitter.com/LeslyCastilloOF/status/814215143131381761/photo/1
816367037438160896,photo,https://twitter.com/HEMM0SHAWN/status/816367037438160896/video/1
815998393063391232,photo,https://twitter.com/ABC/status/815983445281124354/video/1
816429683113947137,photo,https://twitter.com/MaruchaPerez/status/816429683113947137/photo/1
817206859048194048,photo,https://twitter.com/jennybermeo6/status/817206859048194048/photo/1
817365152349593601,photo,https://twitter.com/BTS_twt/status/817365152349593601/video/1
817943224593444864,photo,https://twitter.com/FrankT30/status/817943224593444864/photo/1
818270689346121728,photo,https://twitter.com/AbeAbelo/status/818270689346121728/photo/1
818642189639155713,photo,https://twitter.com/HEMM0SHAWN/status/818642189639155713/photo/1
818668020428054529,photo,https://twitter.com/jacquetitaMera/status/818668020428054529/photo/1
818875401091031040,photo,https://twitter.com/sattyfernandez/status/818875401091031040/photo/1
819235163087454208,photo,https://twitter.com/IntlCrimCourt/status/819235163087454208/video/1
819188377765474306,photo,https://twitter.com/AntonioUbilla1/status/819188377765474306/photo/1
819332341965340673,photo,https://twitter.com/trendinaliaEC/status/819332341965340673/photo/1
697806669028392961,photo,https://twitter.com/BaileysSlut/status/697806669028392961/video/1
819323460551921664,photo,https://twitter.com/silvanarm/status/819323460551921664/photo/1
819669032907448324,photo,https://twitter.com/WRadioColombia/status/819669032907448324/photo/1
820019905512796162,photo,https://twitter.com/Danpengui/status/820019905512796162/photo/1
820961191535190016,photo,https://twitter.com/kathe_Delphi/status/820961191535190016/photo/1
821592159371624448,photo,https://twitter.com/LuisAlvarez_1/status/821592159371624448/photo/1
821815047211143169,photo,https://twitter.com/Fassyduckling/status/821815047211143169/photo/1
821726049750884352,photo,https://twitter.com/BDPTV/status/821726049750884352/photo/1
822121918820155392,photo,https://twitter.com/RevealedRec/status/822121918820155392/photo/1
822335342078468097,photo,https://twitter.com/Macundra/status/822335342078468097/photo/1
822514900161429504,photo,https://twitter.com/gabita/status/822514900161429504/photo/1
822603392828796929,photo,https://twitter.com/XboxColombia/status/822603392828796929/photo/1
822833287064383488,photo,https://twitter.com/andrespaezec/status/822833287064383488/photo/1
822896906883973123,photo,https://twitter.com/canalN_/status/822896906883973123/photo/1
822859181623545856,photo,https://twitter.com/CrackdeArbitro/status/822859181623545856/photo/1
823316789551648773,photo,https://twitter.com/raulonlon10/status/823316789551648773/photo/1
823999689171357696,photo,https://twitter.com/miviejamulax/status/823999689171357696/photo/1
823987729524523008,photo,https://twitter.com/CNNEE/status/823987729524523008/photo/1
824414768186454019,photo,https://twitter.com/Gxfo/status/824414768186454019/photo/1
824617760252649472,photo,https://twitter.com/Chakko138/status/824617760252649472/photo/1
824641260883476480,photo,https://twitter.com/EcuadorTwiter/status/824641260883476480/photo/1
824699955633852416,photo,https://twitter.com/Encuestas_0/status/824699955633852416/photo/1
825044639627481089,photo,https://twitter.com/hombredeltiempo/status/825044639627481089/photo/1
825381508378673152,photo,https://twitter.com/TeresaArboleda/status/825381508378673152/video/1
825900383751041024,photo,https://twitter.com/jfcarpio/status/825900383751041024/photo/1
826557414761652224,photo,https://twitter.com/trendinaliaEC/status/826557414761652224/photo/1
826560422325141505,photo,https://twitter.com/cholucon/status/826560422325141505/photo/1
826818176138743808,photo,https://twitter.com/BASTAtauromakia/status/826818058870222848/photo/1
826854788478275586,photo,https://twitter.com/MargaritaCherrz/status/826854788478275586/video/1
827239607238533120,photo,https://twitter.com/CosquinRockPe/status/827239607238533120/photo/1
827568088451268608,photo,https://twitter.com/DeChalaca/status/827568088451268608/photo/1
827604237634961409,photo,https://twitter.com/capayaleaksecu/status/827604237634961409/photo/1
827528137231781890,photo,https://twitter.com/ANDigitalOK/status/827528137231781890/photo/1
827980834032451584,photo,https://twitter.com/nmosqueraa/status/827980834032451584/photo/1
828805721865256961,photo,https://twitter.com/DobleTentacionM/status/828805721865256961/photo/1
825161082146795520,photo,https://twitter.com/estoesguerra_tv/status/825161082146795520/photo/1
828978299313459202,photo,https://twitter.com/JulioJimenezM/status/828978299313459202/photo/1
829475156577771520,photo,https://twitter.com/trendinaliaEC/status/829475156577771520/photo/1
829501401063628800,photo,https://twitter.com/exitosape/status/829501401063628800/photo/1
828370040709865473,photo,https://twitter.com/R_C_E/status/828370040709865473/photo/1
754093239892926464,photo,https://twitter.com/Suikyou25/status/754093239892926464/photo/1
829743808539660288,photo,https://twitter.com/borisandrade/status/829743808539660288/photo/1
829887726178676737,photo,https://twitter.com/FUTERchistes/status/829887726178676737/photo/1
830156291544866818,photo,https://twitter.com/CarlosVerareal/status/830156291544866818/video/1
830608191671193602,photo,https://twitter.com/bebellushe/status/807814057734438912/video/1
830882044871839744,photo,https://twitter.com/BladyHerrera/status/830882044871839744/photo/1
831157327130742785,photo,https://twitter.com/MALCOM_X_/status/831157327130742785/photo/1
831300445633204225,photo,https://twitter.com/estoesguerra_tv/status/831300445633204225/photo/1
831700825739292675,photo,https://twitter.com/kawaidesa/status/831700825739292675/photo/1
832021879095513088,photo,https://twitter.com/elpanfletope/status/832021879095513088/photo/1
832283814965555201,photo,https://twitter.com/trendinaliaEC/status/832283814965555201/photo/1
832174141709094913,photo,https://twitter.com/whoissada/status/832174141709094913/photo/1
832485751984001025,photo,https://twitter.com/jocelyncse_/status/832485751984001025/photo/1
832946142463873024,photo,https://twitter.com/Politica_ECpe/status/832946142463873024/photo/1
833288035009601536,photo,https://twitter.com/trendinaliaEC/status/833288035009601536/photo/1
833567367321882627,photo,https://twitter.com/trendinaliaEC/status/833567367321882627/photo/1
833567885129691140,photo,https://twitter.com/ElEcuatoriano/status/833567885129691140/photo/1
834121659116187648,photo,https://twitter.com/AnderssonBoscan/status/834121659116187648/photo/1
834146425009233921,photo,https://twitter.com/morgarrix/status/834146425009233921/photo/1
834209368736399360,photo,https://twitter.com/canalN_/status/834209368736399360/photo/1
834215206519713792,photo,https://twitter.com/EcuadorTV/status/834215206519713792/photo/1
834910378534584321,photo,https://twitter.com/xMaruu11/status/834910378534584321/photo/1
836352371231977475,photo,https://twitter.com/jimmybussol/status/836352371231977475/photo/1
836954288748384256,photo,https://twitter.com/dannilandeta/status/836954288748384256/photo/1
837076763142410240,photo,https://twitter.com/Vero_Mendoza_F/status/837076763142410240/photo/1
837694596046020608,photo,https://twitter.com/exitosape/status/837694596046020608/photo/1
837778166307487748,photo,https://twitter.com/elnoticierotc/status/837778166307487748/photo/1
837781577723691008,photo,https://twitter.com/CynthiaViteri6/status/837781577723691008/photo/1
838042377122119681,photo,https://twitter.com/AlbertoSativa/status/838042377122119681/photo/1
838145933988724740,photo,https://twitter.com/andoenpando/status/838145933988724740/photo/1
838148056843501569,photo,https://twitter.com/avvelasquez/status/838148056843501569/photo/1
838214544900177921,photo,https://twitter.com/kamicazu/status/838214544900177921/photo/1
838609314914914305,photo,https://twitter.com/isarangelx/status/838609314914914305/photo/1
838812377332187138,photo,https://twitter.com/marcadorec/status/838812377332187138/photo/1
839598240324587529,photo,https://twitter.com/MisterCalvoChip/status/839598240324587529/photo/1
839601263209758722,photo,https://twitter.com/joejonas/status/839601263209758722/photo/1
840614440412295168,photo,https://twitter.com/cafetonight/status/840614440412295168/photo/1
841590499358175232,photo,https://twitter.com/BBAnimals/status/841590499358175232/photo/1
841453805904486401,photo,https://twitter.com/angeluvaldes/status/841453805904486401/photo/1
843662150220431360,photo,https://twitter.com/kawaidesa/status/843662150220431360/photo/1
808164796122206208,photo,https://twitter.com/FuckerMCBO/status/808164796122206208/photo/1
844595390154452993,photo,https://twitter.com/AgenciaTelam/status/844595390154452993/video/1
844598762035122176,photo,https://twitter.com/Greg0rio/status/844598762035122176/photo/1
844233344229543937,photo,https://twitter.com/Allisonma/status/844233344229543937/photo/1
845631798155624449,photo,https://twitter.com/lucia_martino/status/845631798155624449/photo/1
845692916999839751,photo,https://twitter.com/RedMaestrxsEC/status/845692916999839751/photo/1
845759334319607809,photo,https://twitter.com/Sirenisima/status/845759334319607809/photo/1
846178699749851137,photo,https://twitter.com/PedroJijonG/status/846178699749851137/photo/1
846570665968914432,photo,https://twitter.com/thaisarsc/status/846570665968914432/photo/1
846815410838261760,photo,https://twitter.com/BancoPichincha/status/846815410838261760/photo/1
846862136127184896,photo,https://twitter.com/Kathie_Aguilar/status/846862136127184896/photo/1
847077820450979840,photo,https://twitter.com/Politica_ECpe/status/847077820450979840/photo/1
847228626479087616,photo,https://twitter.com/trendinaliaEC/status/847228626479087616/photo/1
847250774715375617,photo,https://twitter.com/MisterNo_/status/847250774715375617/photo/1
881583275571073024,photo,https://twitter.com/MichelPesquera/status/881583275571073024/photo/1
882423797760106497,photo,https://twitter.com/chuckygarcia/status/882423797760106497/video/1
882991817008041984,photo,https://twitter.com/DrTomacco/status/882991817008041984/photo/1
883094908176924672,photo,https://twitter.com/CuriosodeFutbol/status/883094908176924672/video/1
882108309007978496,photo,https://twitter.com/prismo96/status/882108309007978496/photo/1
883539263119384577,photo,https://twitter.com/Pauli8g/status/883539263119384577/video/1
883775324198244352,photo,https://twitter.com/Nenas_prepago/status/883775324198244352/photo/1
863916972379189248,photo,https://twitter.com/priorityvalu/status/863916972379189248/photo/1
884062927636004864,photo,https://twitter.com/_NiicoleMF/status/884062927636004864/photo/1
876961383186927616,photo,https://twitter.com/LocasFrase/status/876961383186927616/photo/1
