813822648404713472,https://www.instagram.com/p/BOiBemyBQmy/
843897358966538241,http://articulo.mercadolibre.com.ec/MEC-411334037-conector-rj45-cat-5e-x-4-unidades-_JM
812126000783982592,http://ln.is/www.granma.cu/cuba/2/45bCm
836080574251024385,https://www.instagram.com/p/BRALSbdjmINInfZkHTkpF6KxQybp2zYUzuupPg0/
837114350360006657,http://bit.ly/2lY7Wm3
762497791989993473,https://twitter.com/therealjacho/status/762496214063468544
822811959674499073,https://www.instagram.com/p/BPh5a9Vg8wO/
778094724246888448,https://twitter.com/LetraUnica/status/758507978357997570
822090117556895744,https://www.instagram.com/p/BPcxKszAeza/
828453813782716417,https://www.instagram.com/p/BQJ_CkrAMvO/
774039235036848128,https://www.instagram.com/p/BKHWJ9CA5rg/
835632138401742848,https://www.instagram.com/p/BQ8_XPpA6VS/
773362343011024896,https://www.swarmapp.com/c/bz3UQK4xlrm
815025223808393217,https://www.instagram.com/p/BOqkbKVBIF3HbMOqxRIyUy_rmOp3EhM8uR5AP40/
814833156843012096,http://www.elamazonico.com/digital/?p=16475
826599657795117057,https://sketchfab.com/trends
820301701462822913,https://www.instagram.com/p/BPQD47Agqub/
836794416786518016,https://www.instagram.com/p/BRFP56MjXi853BvSZAoyVBAn723Xpyk_HSoZrc0/
847442162903941125,http://Aldia.com.ec
847442162903941125,https://twitter.com/i/web/status/847442162903941125
825336179155468288,http://www.elcomercio.com/actualidad/rafaelcorrea-viaja-paises-votantes-europa.html#.WIydxMxTqzk.twitter
815651707275382790,https://www.instagram.com/p/BOvBUOijIkUiv_UO8twl70VswNSOgyBDresBMc0/
841159503307509761,https://twitter.com/BTS_twt/status/841158378516807680
843942869517783040,https://www.instagram.com/p/BR4CpZbBj7r/
843302003786833922,https://twitter.com/i/web/status/843302003786833922
761667937178488833,https://www.youtube.com/watch?v=phyYbBub_44
883047788896034821,https://www.instagram.com/p/BWN5gGDA7cS_g5c-77p7SMJHHdLlUnIdzEsXsM0/
818134589285826562,https://www.instagram.com/p/BPAqZpqggUSO_Lh0IHTMHG1-kshfVP5ck8s-0k0/
842368108727816193,https://twitter.com/i/web/status/842368108727816193
842356920153436160,http://tinyurl.com/jqu4ggw
832717606675214336,http://www.rcnradio.com/locales/unidad-las-victimas-financiara-proyectos-sociales-siete-municipios-narino/
830782140811968513,http://molaviajar.com/sorteovueltamundo/#.WKBtxkEMXiU.twitter
815059825264574468,https://www.instagram.com/p/BOq0KOrggtwH5Zcq-VojzBdQuSK6BG9tQsByy00/
823947453078630401,https://twitter.com/julio_francog/status/823397628511666177
840709326125821952,https://www.instagram.com/p/BRhEMz4A9IAnlgYlVXIvNjJOsbo2ffnJ8FIWFg0/
823379992725819392,https://twitter.com/Amito78/status/823377744935485442
884074861940879360,https://youtu.be/_jQes6vfkB4
812647506681233408,https://www.instagram.com/p/BOZrKf7gjtlBYg81QV3lYqmTuDXdNIJp2BGiP40/
811995730986627072,https://twitter.com/i/web/status/811995730986627072
777701672801927168,https://twitter.com/ManoloDuqueV/status/777666056093597696
838227606810021888,https://twitter.com/098_590/status/838224478471667713
825841401799835648,https://www.instagram.com/p/BP3bDXbAKDSwtiqO9Gosl_YxuIOOIoi1AmU_Ag0/
818668710059773952,https://twitter.com/MotelesExtasis/status/818578097205342209
824367225473822720,https://www.instagram.com/p/BPs2lJUhOlE/
824367225473822720,https://twitter.com/i/web/status/824367225473822720
826488150704926720,https://www.instagram.com/p/BP8BKRlASprN02MpxqjPmWvyNrr5hu0DedDvFc0/
819224168285736962,https://twitter.com/i/web/status/819224168285736962
839465447263244288,https://www.youtube.com/watch?v=9eqgWJvjITo
847417648031780864,https://www.instagram.com/p/BSQuyvpBeVS/
845167066353057796,https://twitter.com/i/web/status/845167066353057796
822875900450512898,http://www.trendinalia.com/twitter-trending-topics/ecuador/ecuador-today.html
811459895274930176,https://goo.gl/DagzYH
839594543087513602,https://twitter.com/fcbarcelona_es/status/839594019357409280
824288144644251649,http://bit.ly/2jxnVFy
834114472889380864,https://www.instagram.com/p/BQyNNZNh_P0/
842866242943930368,https://twitter.com/i/web/status/842866242943930368
837108224708886528,http://www.trendinalia.com/twitter-trending-topics/ecuador/ecuador-today.html
842198837217394692,https://twitter.com/Juezcentral/status/842194254508220418
815415589887942656,https://www.instagram.com/p/BOtV7FQgxhNmOZyRy4TG_ULhy400GFCJwbcBi40/
838874984219041794,https://twitter.com/i/web/status/838874984219041794
763138848440324097,http://tinyurl.com/gpantnl
843141407896428544,https://twitter.com/andreagiraldez/status/843066433210867713
884845624469880832,https://www.instagram.com/p/BWarDpWBTi_/
830778193229385729,https://www.instagram.com/p/BQaf3CIhIxq/
834744354325536770,https://www.instagram.com/p/BQ2rpIQlXHgatCNnj2DOSocRTaOBTVYy626W600/
765225716220829697,http://goo.gl/PfkDn0
831579747675172865,https://twitter.com/MinInteriorEc/status/831577203649474560
838078314669568000,https://www.instagram.com/p/BROXwarg-8s/
815260878492864512,https://twitter.com/i/web/status/815260878492864512
821406097856757762,https://www.swarmapp.com/c/dS1fzHnGwjI
826411457730473984,https://goo.gl/Evqfh6
829723515112783873,https://www.instagram.com/p/BQTAbswAjlz/
822571949486379012,https://www.instagram.com/p/BPgMRx4gRSB/
883326185777790976,https://bnc.lt/eW1d/HUGnKkNxAE
844992469926326272,https://twitter.com/Natalia_0rtiz/status/844478197953630208
825913708572454912,https://twitter.com/i/web/status/825913708572454912
829485484833280000,http://bit.ly/2llXRBQ
813595836315828225,https://twitter.com/emilyariasc/status/813593344467173377
833782680307302402,https://twitter.com/i/web/status/833782680307302402
847221127650979840,https://twitter.com/i/web/status/847221127650979840
765038115526500352,https://twitter.com/30secondrock/status/765034696547991553
760999199815168000,https://youtu.be/1GYC8hWQ7r0
839167587586035712,https://www.instagram.com/p/BRWHGYNAFxc/
846459227384242176,https://twitter.com/i/web/status/846459227384242176
827013607682621440,https://www.instagram.com/p/BP_wG6oFY450-plfpTZFGoDh_u4nAvzyAJp7Wo0/
843936499565547520,https://twitter.com/i/web/status/843936499565547520
838869069969375233,https://twitter.com/i/web/status/838869069969375233
767912780246687744,https://demodrop.com/track/319185
825050765987307520,https://twitter.com/lahistoriaec/status/824811498090405888
840195384160980995,https://www.instagram.com/p/BRdafKoj0D5/
819268637395734530,https://twitter.com/CancilleriaEc/status/819221588738347009
820500539704283138,https://twitter.com/noticiasonu/status/820498749701009409
834489966176595968,https://www.instagram.com/p/BQ039iPBI98/
883819138711465985,https://www.instagram.com/p/BWTYQS9ho0R/
812760273916399616,https://twitter.com/tmblrxgirl_/status/812747229731622912
775901430968451072,https://www.instagram.com/p/BKUk-lZjVgkgXdy6tJGsRRkDrnNiE-U-HRGoNM0/
847090904171204609,https://twitter.com/i/web/status/847090904171204609
834659380863889410,https://twitter.com/itsdougthepug/status/834581492646998017
828068391592288258,https://www.instagram.com/p/BQHPxTIjOx9aIR1OYXYvHTk1-kOI6g0d3xgCC40/
814939779527806976,http://www.multicasainmobiliaria.com/pagina.php?Seccion=detallesclasificadoporid&varId=5960
842938827031351296,https://twitter.com/crudoecuador/status/842706690541785088
846934917430886400,https://twitter.com/Guarromantico_/status/846602887094525952
775477713951940608,http://trendsmap.com/ec
811390810784727040,https://goo.gl/Mg4fNX
842805988155691009,https://twitter.com/cartasparabae/status/742037520301576192
820350483084746753,https://twitter.com/i/web/status/820350483084746753
843323212037586944,https://www.instagram.com/p/BRzo29lD51EVzHhE2y2GNI7NpHsGKcq7UmZqng0/
817596484476506112,https://www.instagram.com/p/BO81so0hcjfbPmeeNv223IcYCElOwU1z85d-EA0/
777226095393435649,https://www.instagram.com/p/BKd_VK7gpUI/
824399466866372610,https://twitter.com/i/web/status/824399466866372610
816359814045413376,https://www.instagram.com/p/BO0DUxmB6Ix/
829366317438365697,https://twitter.com/i/web/status/829366317438365697
837143438193790976,https://twitter.com/i/web/status/837143438193790976
834696354249089024,http://www.trendinalia.com/twitter-trending-topics/ecuador/ecuador-170222.html
768486784619651073,https://www.instagram.com/p/BJf5MXuDBM6/
828917947317964800,https://www.instagram.com/p/BQNSGqMBbcg/
761353517391052800,https://medium.com/@leoncesarp/la-respuesta-correcta-al-inversor-que-pregunta-como-utilizaras-mi-dinero-4534dc4dd4c3#.6pn5eqjg3
842030537124528129,https://twitter.com/i/web/status/842030537124528129
763804719982706688,http://google.com/newsstand/s/CBIw5Pnrhy0
832438787586322432,https://twitter.com/i/web/status/832438787586322432
844910243163394048,https://twitter.com/i/web/status/844910243163394048
840808927088529408,https://twitter.com/evildrums/status/840658195865620480
817237747064852481,https://twitter.com/Virgy_marshall/status/817233038082002944
820693229125468160,http://ln.is/www.instagram.com/p/Ned7t
765747306339700736,https://twitter.com/marianawhispers/status/765745848646901761
819549526167941120,https://www.instagram.com/p/BPKt1XkhwWUAZIuORnUGrF3W4Ocsc4RafIctmQ0/
837902240077787136,https://twitter.com/i/web/status/837902240077787136
840919194258546689,https://twitter.com/VivianAssange/status/840914623708725250
768164071954747392,https://twitter.com/radiorumbagye/status/768114307561361408
766021631705841665,https://hbr.org/2016/08/the-next-wave-of-hospital-innovation-to-make-patients-safer
844517846596177920,http://www.infobae.com/america/deportes/2017/03/22/el-tenso-momento-que-protagonizo-floyd-mayweather-junto-a-dos-tigres-en-un-hotel-de-moscu/
884976684792938496,https://www.instagram.com/p/BWbmqG7gwSz/
775058110134247424,https://twitter.com/larepublica_ec/status/775010601672253445
817893324531109889,https://twitter.com/la_abogada_/status/817891146588372992
842207300291047424,https://twitter.com/i/web/status/842207300291047424
882940308916510721,https://www.instagram.com/p/BWNInUMFxOj/
827996783741718528,https://www.instagram.com/p/BQGvNLZjGMR/
823949555628580864,https://www.instagram.com/p/BPp-vVDBp-E/
770242482827296769,https://twitter.com/tomebamba/status/770237180241383425
821118609007124480,http://tn.com.ar/internacional/murio-gene-cernan-el-ultimo-hombre-que-piso-en-la-luna_766728
882744429949464577,https://twitter.com/i/web/status/882744429949464577
883468991574011905,https://twitter.com/i/web/status/883468991574011905
817022134388191233,https://twitter.com/marckinh0/status/816796358598422529
773913714944716800,https://www.instagram.com/p/BKGdEg1BaXj/
845658660995039234,https://twitter.com/mofletv/status/845610560788008960
816346079184699392,https://twitter.com/futbolecuador/status/816340228101193729
844792127435390976,https://www.instagram.com/p/BR-E2AIAWE9/
827328688064708608,https://twitter.com/i/web/status/827328688064708608
818877254038077441,https://twitter.com/i/web/status/818877254038077441
845063595511578624,https://twitter.com/i/web/status/845063595511578624
883695168716546048,https://www.instagram.com/p/BWSf5C3h2aE/
837901867086643200,https://www.instagram.com/p/BRNHhDej5V4/
768559432305373186,http://goo.gl/4UAcLh
828440868654895105,https://twitter.com/jcarlosaizprua/status/828439798285266945
815289895593869312,https://www.instagram.com/p/BOscyAzDkCj/
826431320117084162,https://twitter.com/i/web/status/826431320117084162
765272091855683585,https://www.instagram.com/p/BJJDTukBzcS/
822902681610125313,https://www.instagram.com/p/BPiirQtA3CI/
845022880861585409,http://www.trendinalia.com/twitter-trending-topics/ecuador/ecuador-today.html
842176614578434049,https://www.instagram.com/p/BRrfcgBAxxhrRC11kccdB-51owd2Z5gM55GvU00/
843532055501832193,https://www.instagram.com/p/BR1H1Ftg0XrX48a307pSbF5EmOVz4IbmcNmQ7k0/
817447283788812288,https://twitter.com/applesfera/status/817439360190709760
882613218576871425,https://twitter.com/i/web/status/882613218576871425
845379876580343809,https://www.instagram.com/p/BSCQH1sBX1YOXjb9k8O6cs2i_cYwuOYWNG59zI0/
811379292609413126,http://vitw.it/link/nKv31
840200534464241664,https://www.instagram.com/p/BRdc1CJBtW9/
837673236569735168,https://www.instagram.com/p/BRLfjFnAmiI/
816019471206940672,https://www.instagram.com/p/BOxojfLAQxf/
841893865988714496,https://twitter.com/i/web/status/841893865988714496
814813131440418817,https://www.instagram.com/p/BOpD-ZJhhfA/
839496630407741441,https://www.instagram.com/p/BRYcuzdAGr3rXSqxnglUDnSJZwFKVnVYdjOo8o0/
884464620420964352,https://twitter.com/eljeringasloko/status/884428141267234816
885192490848071688,https://twitter.com/i/web/status/885192490848071688
816839863219748864,https://twitter.com/quotewwe_/status/816817764211965953
883658415825924097,https://twitter.com/i/web/status/883658415825924097
818911408448503808,https://twitter.com/i/web/status/818911408448503808
815459391612649472,https://www.instagram.com/p/BOtp25WBMz667Mr4qkp0cBEsv0WKO68U4oJYmY0/
811796693683314689,https://www.instagram.com/p/BOToQemhLlcnXajaCZwMNn7jljf8OYf01EKh3I0/
831882130879807488,https://twitter.com/soccerst_/status/831876913568301056
825007266357248000,https://twitter.com/lassoguillermo/status/824707259276161026
816286694051868672,https://es.scribd.com/document/335579724/Pedro-Morote-Cornejo
811608842488389634,https://goo.gl/IaS7m6
841509757001297921,https://twitter.com/i/web/status/841509757001297921
845790439202545664,https://twitter.com/debesaberque/status/845748275458293760
820107530831597568,https://youtu.be/jdAsmrWMkzI
846550913221308416,https://twitter.com/falvaradoe/status/846408137578106880
845270913700544512,https://twitter.com/adlg_ec/status/845266631626571776
825919814539415554,https://www.instagram.com/p/BP3-tUQhxlNcR578w2MlWOBgkWKnE5mKCWwahE0/
822955055330430977,https://www.instagram.com/p/BPi6fkpBvR0/
846777301593395201,https://www.instagram.com/p/BSMLmGnFRdFKSTHDJioPH4EgFmNNlOsOuPjUQM0/
836399308689694720,https://www.instagram.com/p/BRCcO2pB82pdU4ASddnR88Jw3DWVJTLFLwUtCU0/
761586760925216768,http://goo.gl/Q4G0Pz
777680187362275328,https://www.instagram.com/p/BKhN3n7gU6x/
817955130213597184,https://www.youtube.com/watch?v=LPFTQjjrVkc&feature=share
764967382322442246,https://www.instagram.com/p/BJG4wPejtAU/
882948109810249730,https://twitter.com/i/web/status/882948109810249730
836657738524446720,https://twitter.com/i/web/status/836657738524446720
776144126194647040,https://www.instagram.com/p/BKWTWWSDIrrO2gccD6bIr5TSUROeyGNwog3NJk0/
834897149552963585,https://www.instagram.com/p/BQ3xIS8D-Lo/
838396546957856768,https://twitter.com/ramiroaguilart/status/838262629693079552
882271822808526848,http://bit.ly/2tNaYjJ
828748692194746374,http://mixlr.com/digital-cj-radio-st
811358368749277184,https://goo.gl/Q68NYn
834131358112944128,https://twitter.com/abdalabucaram/status/833898960632819714
825414069993795584,https://twitter.com/miguelao86/status/825059790304993280
824849446424809472,https://twitter.com/OmmaSwag/status/824811864294985729
816658675515408385,https://twitter.com/girlposts/status/816630463016091648
826118653338873856,https://twitter.com/i/web/status/826118653338873856
830266646673629184,https://twitter.com/i/web/status/830266646673629184
775105675752005632,https://www.facebook.com/215545048822234/videos/vb.215545048822234/283211635388908/?type=2&theater
766023372778172416,http://tl.gd/n_1sov9sr
825728587315740672,https://twitter.com/i/web/status/825728587315740672
811976674577358848,http://cabify.com/i/davidl571
838911751265599490,https://www.instagram.com/p/BRUSweQDO50gKnp5uw29V-DEUeDax0-hZ8ibC40/
763785303861714944,https://twitter.com/pollito_asado/status/763732996067319809
834150690717126657,https://twitter.com/i/web/status/834150690717126657
815421110711971840,https://www.instagram.com/p/BOtYaZug3qF/
761605448126595072,http://goo.gl/FaKLhm
883129546911993856,https://www.instagram.com/p/BWOerTTFMXn/
824040934761496576,http://www.radiocce.com
824040934761496576,http://Www.casadelacultura.gob.ec
824040934761496576,https://twitter.com/i/web/status/824040934761496576
883141566147080192,https://www.instagram.com/p/BWOkGQ_jC3H/
830394579249659905,https://twitter.com/fercornejoleon/status/830393712643600384
825908687550160896,https://twitter.com/i/web/status/825908687550160896
820493004108656640,https://youtu.be/Ipu7vdBgtJ0
774954183086731268,http://goo.gl/4WB0rX
884378285416882176,https://twitter.com/i/web/status/884378285416882176
776990712705540096,https://www.instagram.com/p/BKcUVOZgheqYapFlzPqBaKlIpwcgr7kXJD0uIs0/
835106142057529345,https://twitter.com/BTS_twt/status/835067567223926784
812938751005560833,https://www.instagram.com/p/BObvm39DRK-/
833907874409619456,https://twitter.com/i/web/status/833907874409619456
819884411273486336,http://ecuagol.com/ecuagol/?n=103716
767871079012528128,https://www.instagram.com/p/BJbhMhFjYyg/
835329106682200064,https://www.instagram.com/p/BQ61j28gpxUVyTwqI98Cbt_6esNmwhVEOuQMm40/
824801357609713664,https://www.instagram.com/p/BPwCGKgAq18/
823952942306889729,https://twitter.com/i/web/status/823952942306889729
819965125599907840,https://twitter.com/luisveintimilla/status/819589893663944706
884028989039423488,https://twitter.com/sanijo92/status/883730285535408128
835200058631012352,http://Www.rociolanguageclasses.com
824987350027665408,https://twitter.com/i/web/status/824987350027665408
842065467665723394,https://twitter.com/i/web/status/842065467665723394
825471855976910848,https://www.instagram.com/p/BP0zAJ6gbmH/
823622240545685504,https://www.instagram.com/p/BPnp5ExgmpX/
774023370325188608,https://www.instagram.com/p/BKHO8HtBz1i/
817071041788936192,https://www.instagram.com/p/BO5GwTcDFZNG65iGNRw0-blV8m-JKDK6eo4Xss0/
775778659500224512,http://goo.gl/uvm2An
839188921619734528,https://www.trendsmap.com/r/EC_GUA_ndmprr
883663143347511296,https://www.instagram.com/p/BWSRUZyjh3x/
844741278218694656,https://twitter.com/i/web/status/844741278218694656
824715898741202944,https://twitter.com/i/web/status/824715898741202944
824347293549809667,https://www.trendsmap.com/r/EC_wttdpx
814265584737075200,http://bit.ly/2iFZKIa
829337924277792774,https://twitter.com/i/web/status/829337924277792774
840972173070200832,https://www.instagram.com/p/BRi7uTFlQTCnMea11oBG5W9iELyOXFDQbD1OuI0/
814110879411212289,https://twitter.com/mellymelilein/status/813565003303370752
846383970409373698,https://www.instagram.com/p/BSJYuv6BpKD/
884220382785540096,https://www.instagram.com/p/BWWOuuvBXg-Uzm4LVQCUNavWXH4-TDArAfxqgo0/
823256867229073416,https://www.youtube.com/watch?v=Kfdlfdza2ik
845995022617063424,https://twitter.com/morochaldu/status/845938654434525184
819973151752736769,https://www.instagram.com/p/BO94BDUhoDdg7AzD-xRgbvF8qSrgNAhJ3kycj40/
838953158139334656,http://bit.ly/2j20m8d
818874080380276740,https://www.youtube.com/watch?v=cvGLfBB0Na4
761646620605878272,http://www.elcomercio.com/actualidad/lundingold-mineria-frutadelnorte-oro-zamorachinchipe.html#.V6TqKWWP3ao.twitter
829711629843591169,https://www.instagram.com/p/BQS7BKKANEB/
763170514663866368,http://www.ecuagol.com/ecuagol/index.php?n=96643
845454131464732672,https://twitter.com/AlfonsoReece/status/845450568105689088
817002871032057857,http://ln.is/www.extra.ec/opinion/WrIpK
817168298903293952,https://twitter.com/aldocassola/status/817162261114589184
830655735898001408,https://www.instagram.com/p/BQZoW3jg7cp/
812715351557410816,https://goo.gl/EyRWN9
769413587613937664,https://www.instagram.com/p/BJmep3MDEpZ/
834002187982344193,https://twitter.com/i/web/status/834002187982344193
845726216116191234,https://youtu.be/S-q_DTxeLi4
846195490383388672,https://twitter.com/Daniel0181/status/846190872559521792
839509763893383169,https://twitter.com/jle_lagos/status/839325329172856832
823911661513883650,http://www.radioelite.com.ec
835463517956411392,https://www.instagram.com/p/BQ7yrxigWOC/
830247252673384450,https://www.instagram.com/p/BQWumg3gIRO/
832977877704470528,http://www.ecuadorinmediato.com
832977877704470528,http://bit.ly/2m8x0pj
818261041931059201,https://twitter.com/badpons/status/818238730926489604
818126336929779712,https://www.trendsmap.com/r/EC_GUA_ctnpjk
834073745018994688,https://goo.gl/kTdzmd
835671015246168064,https://twitter.com/el_padrinator/status/835566868865875969
832431082825973760,http://ln.is/www.instagram.com/p/p6lXf
884226978055942150,https://goo.gl/2FgGn9
833060130056962049,https://twitter.com/lolacienfuegos/status/833030779915603968
846734883699511296,https://twitter.com/i/web/status/846734883699511296
828720698508050432,https://twitter.com/kescobarschuldt/status/828451255374708739
827219637955764225,http://bit.ly/2l122i7
812085175387648005,https://www.instagram.com/p/BOVrcjrACN_/
814859700932059136,https://twitter.com/CharitoObando/status/814859176329576448
841343006666022913,https://twitter.com/i/web/status/841343006666022913
773227824090087424,https://www.instagram.com/p/BKBlKvgAD8UxVl59P8kuXrTIrjfoxdv_K8Tqf00/
835871130233753601,https://twitter.com/i/web/status/835871130233753601
817038171468918784,https://www.instagram.com/p/BO43zq8Ajb6/
826895192011702274,https://twitter.com/i/web/status/826895192011702274
824000412143546368,https://twitter.com/gianmarcomusica/status/823984906384523264
844601465138167808,http://www.trendinalia.com/twitter-trending-topics/ecuador/ecuador-170321.html
841423146674769921,https://twitter.com/i/web/status/841423146674769921
884633206837915648,https://twitter.com/i/web/status/884633206837915648
831363449053642752,https://twitter.com/i/web/status/831363449053642752
884520301614313472,https://twitter.com/Telecom_Ec/status/884517728631107590
843807037716946944,https://www.instagram.com/p/BR3E4DwjFwtrmtT_diVnFh3RaCwjfeWLGglpco0/
832710550928891906,https://www.instagram.com/p/BQoOx3cg2l7-fwhOXND2mdrBwcsRkLG-ZLXNms0/
884533840299118594,https://twitter.com/i/web/status/884533840299118594
815262376413065216,https://www.instagram.com/p/BOsQRJfg6Zm/
837680882987184128,https://www.swarmapp.com/c/c7PfsRpGoks
839674075664494592,https://twitter.com/carouioar/status/839669998276739072
763182017177591809,https://twitter.com/hijosdedonjuan/status/763178083885027334
842597507897090048,https://www.instagram.com/p/BRue2LcjFKs/
836050935046615040,https://twitter.com/i/web/status/836050935046615040
821557837457485826,https://www.instagram.com/p/BPV48KHjXhN/
821397275851313153,http://ecuagol.com/ecuagol/?n=103892
820607505852235779,https://www.youtube.com/watch?v=Ea516SLA5e8&sns=tw
838783905079656448,https://www.instagram.com/p/BRTYnpqAfTK/
845321430858379264,https://twitter.com/i/web/status/845321430858379264
761652527305719808,http://www.sectoresestrategicos.gob.ec/?p=7416
845108363411238916,https://twitter.com/i/web/status/845108363411238916
838097533561778176,https://www.instagram.com/p/BROgfpxB2dw/
882647722431524868,https://twitter.com/i/web/status/882647722431524868
817846967384600578,https://www.instagram.com/p/BO-nmuNjff1nRt0jORlI5rBC5OjOqa27qdJgQY0/
818993786919538688,https://twitter.com/rodolfoasar/status/818885512459063297
817928546983284737,https://www.swarmapp.com/c/jQGqAkx5FoW
821406878722883584,https://twitter.com/i/web/status/821406878722883584
811550563301228544,https://goo.gl/WrKbvv
883006083241062401,https://twitter.com/Berkeliana/status/882999071077679104
845321986830163969,https://twitter.com/i/web/status/845321986830163969
840181312656941056,https://twitter.com/DisneyStudiosLA/status/839496695499087874
844171599892942848,https://www.instagram.com/p/BR5qqTeDew9MYqifqxEzXOkjUH2qOBFJJXs-580/
819454323977547777,http://www.elconfidencial.com/alma-corazon-vida/2016-02-24/estaba-en-una-empresa-y-lo-deje-para-ser-una-actriz-porno-y-es-genial_1157445/
819739514780471301,https://twitter.com/vocenaosabiaq/status/819730713876566016
820090052000776194,https://www.instagram.com/p/BPOjpGHDSMNIcHLuFVPeVUW5p2kyqqOwLd3D9g0/
815998460042346496,https://twitter.com/elmadvirologist/status/815978539526868992
836350834615144448,https://www.instagram.com/p/BRCGMBdDS0B/
832680348496515072,https://twitter.com/i/web/status/832680348496515072
769717823736254464,http://trendsmap.com/ec/guayaquil
838022704045436929,https://goo.gl/PuM6Hs
843927146804514816,http://ecuagol.com/ecuagol/?n=106953
883485057364758530,https://twitter.com/i/web/status/883485057364758530
830096918394966018,https://www.instagram.com/p/BQVqPQUBBlJ/
831277975140188160,https://www.instagram.com/p/BQeDUc7DUZi/
833506695326396417,https://twitter.com/quien_habla/status/833506124376707072
840398644230610945,https://twitter.com/i/web/status/840398644230610945
834551588337381376,https://twitter.com/i/web/status/834551588337381376
882575608269721600,https://www.youtube.com/watch?v=Y9TzGQowNkY
812506633603600385,https://www.instagram.com/p/BOYrGjRjLAz/
829396396658872326,https://www.instagram.com/p/BQQrrUnj4Ay/
841464467913396224,https://twitter.com/i/web/status/841464467913396224
834826615678984192,https://wordpress.com/stats/day/susanacastanedaconcejal.wordpress.com
816319989527367681,http://www.trendinalia.com/twitter-trending-topics/ecuador/ecuador-today.html
827867252330463232,https://goo.gl/0LSJaI
835877518716583936,https://goo.gl/XTI2cm
846577430370365441,https://twitter.com/AyQueMar/status/846577189491478528
819692273428480001,http://cnn.it/2jBoqy0
883383457908477952,https://twitter.com/pepe_av7/status/883367479820648449
814227445775814656,http://www.acuedi.org/ddata/F9438.pdf
818153825248968704,https://www.instagram.com/p/BPAzD7MADFo/
825347094433120256,https://twitter.com/i/web/status/825347094433120256
884864333582397441,https://www.instagram.com/p/BWazkS4jjY2/
819311211070140416,https://www.instagram.com/p/BPJBdv-BXka/
844658360565841922,https://goo.gl/Ix6YJj
764246724663734272,https://twitter.com/ecu911sambo/status/764246086978592772
811634107247640577,https://redaccion.lamula.pe/2016/12/21/contralor-alarcon-limpia-a-luz-salgado-de-la-compra-de-computadoras-en-el-congreso/acastro/
832277899399069698,https://twitter.com/i/web/status/832277899399069698
823602382961516545,https://twitter.com/RadioHuancavilk/status/823602201239154688
822416138202181632,https://twitter.com/i/web/status/822416138202181632
826944128344690688,http://bit.ly/2k0bQeB
844668584987123712,https://www.instagram.com/p/BR9MqZsAzKk/
842498707618775044,http://www.wqradio.com
831341177001635840,https://twitter.com/evildrums/status/831324381662023680
811379618922057732,http://www.mapmyrun.com/workout/1915947731
831238781315342336,http://bit.ly/2lCVXgb
814295204694028290,https://www.instagram.com/p/BOlYcy6DoklHrBYGr2is8K0EpP6aJq9pPKXaBU0/
834911547990372357,https://twitter.com/i/web/status/834911547990372357
846955428198174720,https://www.instagram.com/p/BSNcmWohG7Q/
824423288185225218,https://twitter.com/i/web/status/824423288185225218
846927288331632640,https://twitter.com/martinaverap/status/846916615715409921
843646384544907266,https://www.instagram.com/p/BR170gMDoSXkONd5u-6mATFOFn_TIwcZEB8_aY0/
847244077301080067,https://www.instagram.com/p/BSPf3GUhbgk/
836612007457665024,http://www.perupresentefuturo.blogspot.com
883518453054717952,https://www.instagram.com/p/BWRPhr6FqXR/
817430835380961280,http://www.ecuadorinmediato.com
817430835380961280,http://bit.ly/2ikrSwT
837371878616481796,https://goo.gl/azOFvF
827616535241949184,https://twitter.com/emelecdice/status/825026539481812994
811720378108301313,https://twitter.com/volandoconcris/status/811714361597325312
815357653367083009,https://twitter.com/i/web/status/815357653367083009
834845710252130304,https://www.instagram.com/p/BQ3ZvF3gdQM/
824643118892978176,https://www.instagram.com/p/BPu6IrxjMKn/
836483386755678208,https://www.instagram.com/p/BRDCduHFE46/
767741207736877057,http://www.la-lengua.com
882976165597761537,https://twitter.com/miguelmorenatti/status/882934723873566721
833564697584685057,https://twitter.com/classo2012/status/833553690673942528
765532210078384128,https://twitter.com/Danna_Guerron/status/765530665907617792
883017684677480448,https://www.instagram.com/p/BWNrz2iDauP/
778003513968328705,https://www.instagram.com/p/BKjg5pEjmZNpzBQb1sLJIwkNCXgE-k3Wc-wBoY0/
884856865590571009,https://twitter.com/KenyaPisco/status/884805591608291329
812901862177439745,https://www.instagram.com/p/BObe1RggDsQr_kGLIJsLnySiMeqrrACZq-GNaA0/
837262330924793857,https://youtu.be/XnkUSvCU0JQ
774830458332909568,https://www.facebook.com/GenialGuru/videos/1715514672103007/
816394448426831872,http://www.trendinalia.com/twitter-trending-topics/ecuador/ecuador-today.html
774275664480464896,http://iniciativaantitaurina.info/comunicado
767857981014806528,https://twitter.com/jonathan_parra_/status/767855627590926336
816766151418118146,https://twitter.com/bolo_vallejo/status/816763488760721408
827115273945804800,https://twitter.com/i/web/status/827115273945804800
829108777039323143,https://twitter.com/i/web/status/829108777039323143
884999937573965830,http://www.infocancha.com/es/Contenido/Noticia/3-7205-puntazo-ante-costa-rica-suma-canada-bajo-mando-de-octavio-zambrano
836205889384218624,https://twitter.com/i/web/status/836205889384218624
816386641132748800,https://www.instagram.com/p/BO0PhtDgred/
820621607253188608,http://www.ole.com.ar/river-plate/Maidana-ganar-Gallardo_0_1724227570.html
884420617679892482,http://www.bangkokpost.com/travel/around-the-globe/1284018/cambodian-temple-complex-listed-as-world-heritage-site
773306722731565056,https://youtu.be/S8zMt2EYeMI
832360269783371776,http://bit.ly/2lno5Up
829465838893821952,https://www.instagram.com/p/BQRLQMTD85r/
832429376901959680,https://www.instagram.com/p/BQmO6faDVhU/
777536629065920513,https://www.instagram.com/p/BKgMlYsBirf/
838584304347328512,https://twitter.com/anamaricarrasco/status/838582793961631744
838930921285959682,https://www.trendsmap.com/r/EC_GUA_wjksmh
820747505994498049,https://www.instagram.com/p/BPTOnh6jD1BGdPtwQSyRM30YEXVqU1kSsTDAq00/
816868970955476992,https://twitter.com/caminantealfa/status/816697888126435328
824293158767001600,https://www.instagram.com/p/BPsa_gOA52J/
814705126086680578,https://twitter.com/shababaty/status/814633456206544897
816020221295202307,https://www.instagram.com/p/BOxo5R9jASM/
838599508283969536,https://www.instagram.com/p/BRSExBrB9ThtqNZkRxT3oUrx1T0MeyxuVtoino0/
830080089400434690,https://www.instagram.com/p/BQVilXfAERf-lCgjRCARaQrO4pioQxivlpjyE40/
832364139515375618,https://twitter.com/i/web/status/832364139515375618
840793675730939905,https://twitter.com/i/web/status/840793675730939905
884455406369619968,https://www.instagram.com/p/BWX5nPPAUTaUfaaNxEYMUnofN88LNNQU72ckxo0/
845853802779590656,https://www.instagram.com/p/BSFnmaNAxbq/
813132679222882304,https://twitter.com/clubamerica/status/813112085622099968
884459876239499264,https://twitter.com/i/web/status/884459876239499264
830553611285491716,https://www.instagram.com/p/BQY553egRXPuR6pNm2LeKV_r3e0VxqOfTXe4wQ0/
845874668582055936,https://www.instagram.com/p/BSFxIGJhAhwcWtl5nHTZTp3sikcEwGlywqbj880/
839152903633829889,http://www.trendinalia.com/twitter-trending-topics/ecuador/ecuador-today.html
839234183046189058,http://www.trendinalia.com/twitter-trending-topics/ecuador/ecuador-today.html
830229482497794048,https://twitter.com/i/web/status/830229482497794048
839888736775258114,https://twitter.com/i/web/status/839888736775258114
839909922741567488,http://ondadigitaltv.com/
839920351492591616,https://goo.gl/5APYDV
839969603224797187,https://twitter.com/barbiefobia/status/839967645051019265
839620499516899328,https://twitter.com/i/web/status/839620499516899328
812789555887738880,https://twitter.com/i/web/status/812789555887738880
840281041256501248,https://twitter.com/i/web/status/840281041256501248
840281844633481217,https://www.youtube.com/watch?v=07PWWwQ7oiM
840281844633481217,https://twitter.com/i/web/status/840281844633481217
840912295832256513,https://twitter.com/i/web/status/840912295832256513
841147490736979968,http://ptv.pe/223242
841302812390637568,http://www.trendinalia.com/twitter-trending-topics/ecuador/ecuador-today.html
838919629749747712,https://twitter.com/i/web/status/838919629749747712
842112095915282432,https://twitter.com/i/web/status/842112095915282432
842722007598948352,https://twitter.com/i/web/status/842722007598948352
842595964565307392,http://bit.ly/2ntQRnH
842595964565307392,https://twitter.com/i/web/status/842595964565307392
842833777567186945,https://twitter.com/i/web/status/842833777567186945
842767982149468163,https://twitter.com/i/web/status/842767982149468163
843129998995341313,https://twitter.com/i/web/status/843129998995341313
843223045242347520,https://twitter.com/i/web/status/843223045242347520
843272739129638912,http://owl.li/3aya30a2Ecu
843851055867838464,https://www.twitch.tv/xcarlos97x
843853491080777732,https://twitter.com/i/web/status/843853491080777732
843974338751545345,https://twitter.com/izbell_no/status/843973178590445568
843965813539463168,https://twitter.com/i/web/status/843965813539463168
843976039621709824,https://twitter.com/i/web/status/843976039621709824
844120146889256960,http://arrobaradio.pe/g6AtP
844237616148955137,http://www.trendinalia.com/twitter-trending-topics/ecuador/ecuador-today.html
844266104499441664,https://twitter.com/i/web/status/844266104499441664
819968289153708032,https://twitter.com/WaykaPeru/status/819915790799503361
844340562232823808,https://www.cedatos.com.ec/detalles_noticia.php?Id=319
844629851051057153,https://twitter.com/i/web/status/844629851051057153
844988224615464965,https://twitter.com/i/web/status/844988224615464965
845365237016662016,https://www.youtube.com/watch?v=00z6AYpJZ7o
845380042976845824,https://twitter.com/i/web/status/845380042976845824
760696536628092930,https://twitter.com/mavigu24/status/760696079767699457
760858547932524548,http://ln.is/www.jimmysarango.com/wHLuo
761312027864207360,http://goo.gl/wcpnZZ
761319246160887808,https://twitter.com/The_Guachi/status/761275208359485440
761337675358019585,http://capitalfm.co/onair
761410155267428356,https://twitter.com/JorgeAlban10/status/761407950288191488
761601287528058880,http://www.enciclopediadeportiva.com/juegos-olimpicos/datos-ol%C3%ADmpicos/192-ecuador-en-jjoo.html
761763833606238208,https://twitter.com/DuchoDepe/status/761759442971099136
761961913085464576,http://gestion.pe/politica/encuesta-cpi-ppk-inicia-su-gobierno-704-aprobacion-2167181
762039889076506625,https://twitter.com/scottiemcintosh/status/762031706132013056
762320672941076480,https://twitter.com/farandulamanda1/status/762319395888717825
762329728833482757,https://twitter.com/KarinaBeteta01/status/762328641216868352
762418306590449664,https://twitter.com/oscarschnabel/status/762416631737909248
762423745956810752,http://ift.tt/2b6jbWS
762429715068006401,https://twitter.com/julianmcespedes/status/762425585628962825
762426654790590467,http://svebaraart.deviantart.com/art/daughter-626712829
762466630622253060,https://www.youtube.com/watch?v=jDF9Oj4lC7k&spfreload=10
763073694700896256,https://twitter.com/vendeamorbueno/status/763071343768330241
763516566830977024,http://bit.ly/2bjABN5
763519394509103104,https://www.youtube.com/watch?v=QuybA0ephWw
763829347853668356,https://twitter.com/ljcisneros/status/763777221970563072
764109115534741504,http://bit.ly/2bnatUk
764218690770534401,http://goo.gl/KwYWzs
764613068848594944,https://twitter.com/patriiciudadela/status/764611783051083777
764979223681458176,https://www.youtube.com/watch?v=vNKUDiA2YQE
765093891527864321,https://twitter.com/Peru21pe/status/765088182148792320
765243358985986048,https://twitter.com/lito3s/status/765242600735514624
765165945035816961,https://twitter.com/KarinaNovoaL/status/764977137703067652
765397396025122816,https://twitter.com/christophercire/status/765368193607172096
765787010355331072,https://twitter.com/chicaonemillion/status/744954721341931520
765920994699554817,http://www.3gb.com.mx/?p=43223
766005565042593792,https://twitter.com/offhegoes85/status/765694286021222400
766029421581045760,https://twitter.com/madshila/status/766029179955609600
766070413050933248,http://goo.gl/EfmZGj
766248743406563328,https://twitter.com/AgentKelms/status/766245621611233280
766399152888635393,https://twitter.com/pudinilla/status/766393747215093760
766463787008491521,http://www.dose.com/animals/24005/These-14-Raccoons-Totally-Prove-That-The-Stereotypes-Surrounding-Them-Are-Overrated?utm_source=Twitter&utm_medium=OMGFacts&utm_campaign=classic
685474778141081601,http://avnawards.avn.com/voting/category/12/
766742053015392257,https://twitter.com/rppnoticias/status/766739599955730434
766980327965286400,http://bit.ly/2bq2gLu
767554872145285126,https://twitter.com/2010Compudavid/status/767548208016986112
767718489520009216,https://twitter.com/Peru21pe/status/767579643360739328
768209408363008005,https://twitter.com/girlposts/status/768151726868328449
768221424809017344,https://twitter.com/IuliusAlfonsus/status/768213863779237888
768447945486327808,http://ln.is/larepublica.pe/impre/qnDtw
769206774662508545,https://twitter.com/austingmackell/status/769206243454050305
769259398493528064,http://ow.ly/huEF303CPbg
769312448713256960,http://canaln.pe/
769341145386213376,https://twitter.com/PaulaAwesomeYT/status/769324852884992000
769163691275067392,http://anatweet.com/bestFan
769883635277295616,https://twitter.com/elcomerciocom/status/769667626951933952
770064623500398595,https://youtu.be/EETycsXQpxI
770275623747059712,https://twitter.com/Andre_Aviles/status/770275449528254464
770279186514587648,https://www.youtube.com/watch?v=cjU88QrCoDk
770324116943536128,https://www.instagram.com/p/BJs8tySAZAI/
770352224136466432,http://canaln.pe/
770381959105220609,https://twitter.com/pumpkinzpuff/status/770381222229008385
772858378339098625,https://twitter.com/LUISBARREZUETA1/status/772854938162651137
772896251482365952,http://goo.gl/XcKIXp
773660652544126976,http://bit.ly/2bZjPVe
773702214380613633,http://goo.gl/bBIVJQ
773977601580863488,http://www.capital.com.pe/p/993265
774004058638036992,http://goo.gl/3dFe9s
773972989377323008,https://twitter.com/austingmackell/status/773966327522398209
774249302365442048,https://twitter.com/Chikatilo_/status/766632179354992644
774376185614704640,https://twitter.com/tvexclusivas/status/774373846237388802
774801455182209024,https://twitter.com/kuky04/status/774762515163181056
775062045448253440,http://elcomercio.pe/politica/partidos/gregorio-santos-busca-acercarse-al-frente-amplio-noticia-1930836?ref=hybrid-i-1473624120
775114689982373890,https://twitter.com/Jessipaola24/status/775109793140838400
775195518087622656,https://twitter.com/desdeurbania/status/775174279189192704
775411239900082176,http://bit.ly/2ck8AI2
775407435800539136,https://twitter.com/magencubed/status/775406693614166016
775374637513502720,http://goo.gl/VwgB7B
775246339688976384,http://www.filepuma.com/download/phraseexpress_12.0.93-12706/?f=cc
775770611641614337,https://twitter.com/SilviaAndradeJ/status/775770163459207168
775837403248529408,https://twitter.com/meiermq/status/775835808750329857
776095784651657217,https://www.instagram.com/p/BKV9XYbjJCH/
776137226623262720,https://twitter.com/LMJupdates/status/775937565266366464
776198473385381888,https://twitter.com/_pedroroman/status/776198013161177092
775758358997499905,http://www.bbc.co.uk/news/world-us-canada-37345442
776506716166815744,http://redaccion.larepublica.pe/mundo/803224-facebook-guardias-de-una-tienda-en-chile-confundieron-peruano-con-ladron-y-lo-golpearon-salvajemente-video
776850879802671104,https://goo.gl/9w1VWw
776889055581642752,http://bit.ly/2d4ps3E
777130100961796098,https://twitter.com/srealpe/status/777129223907643392
776827149554749440,https://twitter.com/eluniversocom/status/776751123000623109
777518878176018432,http://fb.me/4WI88MBJV
777689734957174784,https://www.instagram.com/p/BKhSNeCAFQN/
777959370621612032,http://bit.ly/2cLzSp3
778029880218976256,https://twitter.com/i/web/status/778029880218976256
811074673354096640,https://twitter.com/xzuribnx/status/811074481515020288
811322692137865217,https://twitter.com/i/web/status/811322692137865217
810591024452161536,https://twitter.com/i/web/status/810591024452161536
811542285829685248,https://twitter.com/i/web/status/811542285829685248
811623355891777537,https://twitter.com/rodrigogonz_fan/status/811622209546584064
811653181302308864,https://twitter.com/i/web/status/811653181302308864
811691139225055232,https://twitter.com/hecola6/status/811689876076765184
811760758413553664,https://twitter.com/golgana_/status/811753484253069312
811948924474978305,http://goo.gl/AYMwsb
811948924474978305,http://goo.gl/XAI6N0
811948924474978305,http://goo.gl/uDDKSC
811948924474978305,https://twitter.com/i/web/status/811948924474978305
811959892269408256,http://www.trendinalia.com/twitter-trending-topics/ecuador/ecuador-today.html
811758238299549701,https://twitter.com/ligaAguilaOfi/status/811744455657136129
811984735635439616,https://twitter.com/DemocrataEc/status/811974387985485824
812054661154881537,https://twitter.com/i/web/status/812054661154881537
812109910943137799,https://twitter.com/i/web/status/812109910943137799
812338519272255488,http://www.ecuadorenvivo.com/economia/85-sp-651/55840-si-no-hay-incentivos-simplemente-no-hay-dinero-para-hacer-turismo-empresarios-piden-medidas-complementarias-a-la-ley-de-feriados.html
812380114839277568,https://www.instagram.com/p/BOXxkZ9jkdU/
779443332258955264,https://twitter.com/i/web/status/779443332258955264
812662460410953728,http://www.wsj.com/articles/those-ads-that-follow-you-around-the-internet-are-ruining-christmas-1482507745
813497814013607936,https://twitter.com/DelfinSC/status/813482993964711937
813518929868034048,http://rpp.pe/p/1019289
813569171976056832,https://twitter.com/joelpimentel_ec/status/813564892095639552
813865045583011841,http://www.trendinalia.com/twitter-trending-topics/ecuador/ecuador-today.html
813917442535780352,https://twitter.com/ActualidadRT/status/813911650352951296
813988978995200000,https://twitter.com/grace_rosero/status/813988817778704388
814245153481297920,https://twitter.com/promisenacho/status/814244899474309120
814301578777792512,https://twitter.com/PauletteCMR/status/814297599633133568
807659703069212672,https://twitter.com/i/web/status/807659703069212672
814720193981136896,http://politico.pe/noticias/tendencias/ppk-cinco-meses-despues_3786
814731500721557504,http://bit.ly/2hzp9Dx
814987345178955776,http://www.trendinalia.com/twitter-trending-topics/ecuador/ecuador-today.html
815070405983686656,https://twitter.com/i/web/status/815070405983686656
815249299135143936,http://fb.me/5QKRbF8dB
815754495921713152,https://www.openfuture.org/es/contests/telefonica-open-future-global-race-39/postulations/amigo-constructor
815984750993281024,https://twitter.com/i/web/status/815984750993281024
816035440893526017,https://twitter.com/i/web/status/816035440893526017
815769284202770433,https://twitter.com/Giovanni2015Man/status/815768030680584192
815973101729148928,https://twitter.com/i/web/status/815973101729148928
816061288690356224,https://twitter.com/i/web/status/816061288690356224
816431684484734976,https://twitter.com/i/web/status/816431684484734976
816438669292740608,https://twitter.com/JulioCesarUV/status/816422751636439041
816463854406434821,https://twitter.com/Jennyvelascor/status/816463380169027585
816490066856050688,https://twitter.com/Andrea_mvz88/status/816488346914615296
816645747026366464,https://twitter.com/Mario_Flores_H/status/816645522672992256
816695034695258112,https://twitter.com/i/web/status/816695034695258112
817051869939961856,https://twitter.com/i/web/status/817051869939961856
817128506718945280,http://www.trendinalia.com/twitter-trending-topics/ecuador/ecuador-today.html
817135321485807618,https://twitter.com/amr_cix/status/817126136874434560
817218612859719681,https://twitter.com/candidataof/status/817217790063087617
817413795761033217,https://twitter.com/carlkllstrm/status/817383335995592704
817762872616947712,https://twitter.com/i/web/status/817762872616947712
817898753709502464,https://twitter.com/i/web/status/817898753709502464
817913138653908992,https://twitter.com/i/web/status/817913138653908992
818518803290136577,https://twitter.com/i/web/status/818518803290136577
818159867479396352,https://twitter.com/solbuendia/status/818159470303973377
818915435244646401,http://bit.ly/2iXYqjr
819332341965340673,http://www.trendinalia.com/twitter-trending-topics/ecuador/ecuador-today.html
819360671515213824,https://twitter.com/i/web/status/819360671515213824
819538247395184640,https://twitter.com/i/web/status/819538247395184640
819669032907448324,http://bit.ly/2jBhbWV
819627711094210561,http://youtu.be/1wlIgwCBhbQ?a
819697686177841153,https://twitter.com/csemelec/status/819689295929835520
819729613744115712,https://twitter.com/muchachemierda/status/819729343798595584
819784048381857794,https://www.instagram.com/p/BPMYfMiASql/
820055595445161984,https://twitter.com/i/web/status/820055595445161984
820327163907993602,https://twitter.com/i/web/status/820327163907993602
820360742499209216,http://www.expreso.com.pe/opinion/guerra-martha-meier-m-q/el-vil-oficio/#.WHqAGsQe-RH.twitter
820488361534222337,https://twitter.com/pudindevalen/status/820473957832859648
820436335873888256,https://twitter.com/Diana_Amores/status/820432348156227584
820355993003552769,http://www.expreso.com.pe/opinion/guerra-martha-meier-m-q/el-vil-oficio/#.WHp-qe7Pdwq.twitter
820470327570526208,https://twitter.com/idanilca/status/820420763849265152
821084382672916481,https://twitter.com/i/web/status/821084382672916481
821334026141204480,https://twitter.com/i/web/status/821334026141204480
821559742296424448,https://twitter.com/i/web/status/821559742296424448
821777279718195204,http://bit.ly/ProgramaCCME_Ep7
821726049750884352,http://ptv.pe/220456
822110392927342594,https://twitter.com/DoctoraSexual/status/822109876444741633
822156455230869504,http://www.trendinalia.com/twitter-trending-topics/ecuador/ecuador-today.html
822166268866338816,https://twitter.com/i/web/status/822166268866338816
822309868572798976,https://twitter.com/i/web/status/822309868572798976
822501832845131776,https://twitter.com/doriord/status/822501051068796929
822603392828796929,https://www.twitch.tv/xboxlatinoamerica
822841703539363841,https://twitter.com/i/web/status/822841703539363841
822896906883973123,http://goo.gl/EAf8z4
822977331996360707,https://twitter.com/i/web/status/822977331996360707
821185351976910848,https://twitter.com/i/web/status/821185351976910848
823718298470772737,http://www.fichajes.com/bundesliga/el-nuevo-fichaje-del-borussia-dortmund_114953
823976351992582144,https://twitter.com/i/web/status/823976351992582144
823987729524523008,http://cnn.it/2kq1DWn
824267274093756416,https://twitter.com/i/web/status/824267274093756416
824247775135141888,https://twitter.com/i/web/status/824247775135141888
824377626609467402,https://youtu.be/JQKhj_zQaCE
824382343867559937,https://twitter.com/i/web/status/824382343867559937
824620726682521604,https://twitter.com/i/web/status/824620726682521604
824614576297742336,https://twitter.com/grownayar/status/824100643321298944
825035666836815872,https://twitter.com/h3mera/status/825034096363593729
825055829728514048,http://www.trendinalia.com/twitter-trending-topics/ecuador/ecuador-today.html
825396841525178368,https://youtu.be/NEowo7BIUa0
825443274185986049,https://twitter.com/PabloZBSC/status/825421641215774722
825892045470494724,https://twitter.com/ivanchuchuuu/status/825891809687662593
825856050901327873,https://twitter.com/i/web/status/825856050901327873
826070047789633537,http://buff.ly/2kj6tbA
826137109618638849,https://twitter.com/center4inquiry/status/826135632888094722
826106728718688257,https://twitter.com/i/web/status/826106728718688257
826409760203341824,http://www.politico.com/blogs/politico44/2013/04/eric-holder-im-still-the-presidents-wingman-160861
826418568581484544,https://twitter.com/i/web/status/826418568581484544
826560422325141505,http://ift.tt/2ke6qeD
826583432675340288,http://bitly.com/1cQNNXK
826583432675340288,http://fb.me/8OFdIdmzO
826977845847011328,https://www.instagram.com/p/BP_ek6ygjas/
827155097046118401,https://twitter.com/i/web/status/827155097046118401
826785604599939072,https://twitter.com/i/web/status/826785604599939072
827257408736997376,https://twitter.com/i/web/status/827257408736997376
827572976644190210,https://twitter.com/i/web/status/827572976644190210
827568088451268608,http://goo.gl/iQbrLg
827618229719855104,https://twitter.com/ciskomendez/status/827618010840051712
827727685166170112,https://twitter.com/pudinilla/status/827727344395747334
827528137231781890,http://bit.ly/2kpijOU
827780391859675136,https://twitter.com/i/web/status/827780391859675136
827709454858719233,https://twitter.com/i/web/status/827709454858719233
827961554746351617,https://www.instagram.com/p/BQGfLtzFG7M/
828064574054289409,https://twitter.com/i/web/status/828064574054289409
828071612574470144,https://twitter.com/i/web/status/828071612574470144
828399783152861184,https://twitter.com/denjav1982/status/828399238748987392
828675437521928192,https://twitter.com/sentimientobar/status/828671728104660993
828935020966510592,https://twitter.com/Emol/status/828930083901538306
828723680674996227,https://twitter.com/i/web/status/828723680674996227
829189946305044480,https://twitter.com/i/web/status/829189946305044480
829393649645535233,http://fb.me/704vdMELm
829164335796715520,https://twitter.com/fantasmadlabaja/status/829159455589822466
829418452708360196,https://twitter.com/i/web/status/829418452708360196
829461730103263232,https://twitter.com/i/web/status/829461730103263232
829475156577771520,http://www.trendinalia.com/twitter-trending-topics/ecuador/ecuador-today.html
829501401063628800,http://bit.ly/2kQ0uv4
829731313007554560,http://www.trendinalia.com/twitter-trending-topics/ecuador/ecuador-today.html
829736043373006849,https://twitter.com/olguitaz6/status/829735817014812678
830086208378257409,https://twitter.com/i/web/status/830086208378257409
830099710430031873,http://spoti.fi/RDIKyf
830187763291009025,https://twitter.com/nalaok__/status/830161035856322562
830191031975018497,http://datocertero.com/2017/02/07/urgente-lee-aqui-todos-los-correos-capaco-revelaron-funcionamiento-una-red-corrupcion-petrolera-ecuador/
830608191671193602,http://ift.tt/2jwnAWI
830868032339668992,http://fb.me/6yjL6OOmq
831279163499753472,https://twitter.com/i/web/status/831279163499753472
831300445633204225,http://goo.gl/4z0NBl
831673076408528897,https://twitter.com/i/web/status/831673076408528897
832243582132219904,https://twitter.com/i/web/status/832243582132219904
832283814965555201,http://www.trendinalia.com/twitter-trending-topics/ecuador/ecuador-today.html
832419207451176966,https://twitter.com/i/web/status/832419207451176966
832431170633740291,https://twitter.com/i/web/status/832431170633740291
832442555941974016,https://twitter.com/Ivannola_/status/832442485058203648
832588133564813315,http://elcomercio.pe/movil/opinion/rincon-del-autor/alan-vuelve-marco-sifuentes-noticia-1969274
832672391738204163,https://www.youtube.com/watch?v=YcWDtnNRKiQ
832672391738204163,https://twitter.com/i/web/status/832672391738204163
832946142463873024,https://goo.gl/pk9LLZ
833288035009601536,http://www.trendinalia.com/twitter-trending-topics/ecuador/ecuador-today.html
833350496417042432,http://www.trendinalia.com/twitter-trending-topics/ecuador/ecuador-today.html
833355560238059525,https://twitter.com/choiyiens/status/833349041006141441
829687385776599044,http://www.larepublica.ec/blog/politica/2017/02/08/cedatos-dio-a-conocer-las-ultimas-encuestas-de-intencion-de-votos/
833567367321882627,http://www.trendinalia.com/twitter-trending-topics/ecuador/ecuador-today.html
833567885129691140,http://dlvr.it/NQd5Rn
833537034170032128,https://twitter.com/i/web/status/833537034170032128
833814492022763520,https://marco.org/2017/02/20/overcast3
833842240632057857,https://twitter.com/i/web/status/833842240632057857
834176686782611456,https://twitter.com/BadBloodMary/status/834176073357258752
834188065727868928,https://www.instagram.com/p/BQyurNchB9V/
834439996828479489,https://twitter.com/BerilioVilla/status/834413127127142401
834507581632692224,https://twitter.com/officialwith1d/status/834507534488715264
834232482656612352,https://goo.gl/6w3ULz
834582237677027331,https://twitter.com/i/web/status/834582237677027331
834755985419993090,http://fb.me/1MUEhyJWh
834963121836023808,https://twitter.com/i/web/status/834963121836023808
835113832292974594,https://twitter.com/i/web/status/835113832292974594
835757212261838849,https://twitter.com/i/web/status/835757212261838849
835924042209193984,http://fb.me/SqXOCkfl
834237052317270016,https://twitter.com/i/web/status/834237052317270016
835497395333042177,https://twitter.com/i/web/status/835497395333042177
836575472188276738,https://twitter.com/i/web/status/836575472188276738
836725150502518785,https://www.instagram.com/p/BREwZ0dFHpV/
836725085796990976,https://twitter.com/i/web/status/836725085796990976
837003544809123840,http://ow.ly/OwxK509Tvsg
837088549908393984,https://lnkd.in/eRZCKqP
837153757163044864,https://twitter.com/gisoriano90/status/837147732326367232
837407595090558976,https://twitter.com/i/web/status/837407595090558976
837423689218068484,https://twitter.com/capirotejo/status/837421582943387648
837694596046020608,http://owl.li/DR1a309yCvO
837744367397830656,http://www.trendinalia.com/twitter-trending-topics/ecuador/ecuador-today.html
837775304101924864,https://twitter.com/xQueenMolfese/status/837774001782964224
837900381225046018,http://www.trendinalia.com/twitter-trending-topics/ecuador/ecuador-today.html
838064517212942338,https://twitter.com/i/web/status/838064517212942338
838121869517721600,http://phhhoto.com/i/rL6xu5r7684
838390015205965832,https://twitter.com/i/web/status/838390015205965832
838821504250851328,http://www.trendinalia.com/twitter-trending-topics/ecuador/ecuador-today.html
838812377332187138,http://ow.ly/L6B5309DG4E
838822620640444417,https://twitter.com/EsFraseMovie/status/838625660499288065
838937886179409922,http://elcomercio.pe/movil/economia/peru/estas-marcas-decidieron-abandonar-programa-phillip-butters-noticia-1973876
839584059068145664,https://twitter.com/Mario_Flores_H/status/839575373679583232
839587816266952705,https://twitter.com/i/web/status/839587816266952705
839621913399951360,http://elcomercio.pe/sociedad/lima/phillip-butters-ofrecio-disculpas-sus-excesos-verbales-noticia-1974401
839619315573932033,http://fb.me/1cpmWPfw8
839682294222835712,http://gachichubbs.tumblr.com/post/158175923406/what-do-you-see-commission-for-octopifer-who
840554782658039809,https://twitter.com/capturasfake/status/828072653520932868
841630860839419905,https://twitter.com/piery71/status/841630641762492419
841766687699533824,https://twitter.com/starbucksperu/status/841393462792601600
841820622221148161,https://twitter.com/Jaimefmacias/status/841818758381502469
843321897286860801,https://twitter.com/gvillasis/status/843279218737909760
843624602257575936,https://twitter.com/BonitaAngelique/status/843621421666521089
844591005290631168,http://ow.ly/px8Q30a9JrT
844591005290631168,https://twitter.com/i/web/status/844591005290631168
844618856777879553,https://twitter.com/i/web/status/844618856777879553
845740168380370946,https://twitter.com/i/web/status/845740168380370946
845376033406799872,https://www.instagram.com/p/BSCOX22DkGkJVMWsx6JtvHRGYe9At_JWND6I8k0/
845718237199433728,https://twitter.com/eluniversocom/status/845455329525731328
846093362939789312,https://twitter.com/i/web/status/846093362939789312
846275824332492800,https://twitter.com/carloscarabali/status/846275511303258113
846431622773833728,https://twitter.com/ivanespinelm/status/846381237409320960
845018037954719746,https://twitter.com/i/web/status/845018037954719746
846074931007967232,https://twitter.com/i/web/status/846074931007967232
846703466470785026,http://www.trendinalia.com/twitter-trending-topics/ecuador/ecuador-today.html
846588070610849793,https://twitter.com/brunorevolucion/status/846586897795366912
846736134482907136,https://twitter.com/i/web/status/846736134482907136
847073954611314688,https://twitter.com/i/web/status/847073954611314688
847077820450979840,https://goo.gl/DzLPrz
847165870912802816,https://twitter.com/i/web/status/847165870912802816
847228626479087616,http://www.trendinalia.com/twitter-trending-topics/ecuador/ecuador-today.html
882277895753912320,https://twitter.com/carlosorna/status/882264437788479488
882312307438702593,https://twitter.com/i/web/status/882312307438702593
882667996837294080,https://twitter.com/i/web/status/882667996837294080
882613805498474496,https://twitter.com/i/web/status/882613805498474496
881218345877426176,https://twitter.com/i/web/status/881218345877426176
882686938502836224,http://ow.ly/pR3Z50cC8cH
883008309049118722,https://twitter.com/i/web/status/883008309049118722
883156018573824001,https://twitter.com/arreco69/status/883155041200230400
883529845468278784,https://twitter.com/valentinamybae/status/883529687628222464
883777068982444032,https://twitter.com/i/web/status/883777068982444032
871774607849672704,https://twitter.com/i/web/status/871774607849672704
884588891898089472,https://twitter.com/i/web/status/884588891898089472
884985739603324929,http://www.trendinalia.com/twitter-trending-topics/ecuador/ecuador-today.html
